timestamp,site,device,interface,utilization_pct,latency_ms,jitter_ms,packet_loss_pct,interface_errors,bgp_flaps,ospf_changes,tunnel_health_pct,traffic_mbps,fault_label
2026-08-16 00:00:00,NYC-HQ,Edge-Router-01,GigabitEthernet0/0/1,31.49,12.75,1.65,0.0,0,0,0,100.0,314.9,Normal
2026-08-16 00:01:00,NYC-HQ,Edge-Router-01,GigabitEthernet0/0/1,29.59,11.79,1.46,0.0,0,0,0,100.0,295.85,Normal
2026-08-16 00:02:00,NYC-HQ,Edge-Router-01,GigabitEthernet0/0/1,31.94,12.97,1.69,0.0,0,0,0,100.0,319.43,Normal
2026-08-16 00:03:00,NYC-HQ,Edge-Router-01,GigabitEthernet0/0/1,34.57,14.28,1.96,0.0,0,0,0,100.0,345.69,Normal
2026-08-16 00:04:00,NYC-HQ,Edge-Router-01,GigabitEthernet0/0/1,29.3,11.65,1.43,0.0,0,0,0,100.0,292.98,Normal
2026-08-16 00:05:00,NYC-HQ,Edge-Router-01,GigabitEthernet0/0/1,29.3,11.65,1.43,0.0,0,0,0,100.0,292.98,Normal
2026-08-16 00:06:00,NYC-HQ,Edge-Router-01,GigabitEthernet0/0/1,34.74,14.37,1.97,0.0,0,0,0,100.0,347.38,Normal
2026-08-16 00:07:00,NYC-HQ,Edge-Router-01,GigabitEthernet0/0/1,32.3,13.15,1.73,0.0,0,0,0,100.0,323.02,Normal
2026-08-16 00:08:00,NYC-HQ,Edge-Router-01,GigabitEthernet0/0/1,28.59,11.3,1.36,0.0,0,0,0,100.0,285.92,Normal
2026-08-16 00:09:00,NYC-HQ,Edge-Router-01,GigabitEthernet0/0/1,31.63,12.81,1.66,0.0,0,0,0,100.0,316.28,Normal
2026-08-16 00:10:00,NYC-HQ,Edge-Router-01,GigabitEthernet0/0/1,28.61,11.3,1.36,0.0,0,0,0,100.0,286.1,Normal
2026-08-16 00:11:00,NYC-HQ,Edge-Router-01,GigabitEthernet0/0/1,28.6,11.3,1.36,0.0,0,0,0,100.0,286.03,Normal
2026-08-16 00:12:00,NYC-HQ,Edge-Router-01,GigabitEthernet0/0/1,30.73,12.36,1.57,0.0,0,0,0,100.0,307.26,Normal
2026-08-16 00:13:00,NYC-HQ,Edge-Router-01,GigabitEthernet0/0/1,24.26,9.13,0.93,0.0,0,0,0,100.0,242.6,Normal
2026-08-16 00:14:00,NYC-HQ,Edge-Router-01,GigabitEthernet0/0/1,24.83,9.41,0.98,0.0,0,0,0,100.0,248.25,Normal
2026-08-16 00:15:00,NYC-HQ,Edge-Router-01,GigabitEthernet0/0/1,28.31,11.16,1.33,0.0,0,0,0,100.0,283.13,Normal
2026-08-16 00:16:00,NYC-HQ,Edge-Router-01,GigabitEthernet0/0/1,26.96,10.48,1.2,0.0,0,0,0,100.0,269.62,Normal
2026-08-16 00:17:00,NYC-HQ,Edge-Router-01,GigabitEthernet0/0/1,30.94,12.47,1.59,0.0,0,0,0,100.0,309.43,Normal
2026-08-16 00:18:00,NYC-HQ,Edge-Router-01,GigabitEthernet0/0/1,27.28,10.64,1.23,0.0,0,0,0,100.0,272.76,Normal
2026-08-16 00:19:00,NYC-HQ,Edge-Router-01,GigabitEthernet0/0/1,25.76,9.88,1.08,0.0,0,0,0,100.0,257.63,Normal
2026-08-16 00:20:00,NYC-HQ,Edge-Router-01,GigabitEthernet0/0/1,34.4,14.2,1.94,0.0,0,0,0,100.0,343.97,Normal
2026-08-16 00:21:00,NYC-HQ,Edge-Router-01,GigabitEthernet0/0/1,29.32,11.66,1.43,0.0,0,0,0,100.0,293.23,Normal
2026-08-16 00:22:00,NYC-HQ,Edge-Router-01,GigabitEthernet0/0/1,30.2,12.1,1.52,0.0,0,0,0,100.0,302.03,Normal
2026-08-16 00:23:00,NYC-HQ,Edge-Router-01,GigabitEthernet0/0/1,25.73,9.86,1.07,0.0,0,0,0,100.0,257.26,Normal
2026-08-16 00:24:00,NYC-HQ,Edge-Router-01,GigabitEthernet0/0/1,28.37,11.18,1.34,0.0,0,0,0,100.0,283.67,Normal
2026-08-16 00:25:00,NYC-HQ,Edge-Router-01,GigabitEthernet0/0/1,30.33,12.17,1.53,0.0,0,0,0,100.0,303.33,Normal
2026-08-16 00:26:00,NYC-HQ,Edge-Router-01,GigabitEthernet0/0/1,26.55,10.27,1.15,0.0,0,0,0,100.0,265.47,Normal
2026-08-16 00:27:00,NYC-HQ,Edge-Router-01,GigabitEthernet0/0/1,31.13,12.56,1.61,0.0,0,0,0,100.0,311.27,Normal
2026-08-16 00:28:00,NYC-HQ,Edge-Router-01,GigabitEthernet0/0/1,28.2,11.1,1.32,0.0,0,0,0,100.0,281.98,Normal
2026-08-16 00:29:00,NYC-HQ,Edge-Router-01,GigabitEthernet0/0/1,29.12,11.56,1.41,0.0,0,0,0,100.0,291.25,Normal
2026-08-16 00:30:00,NYC-HQ,Edge-Router-01,GigabitEthernet0/0/1,28.19,11.1,1.32,0.0,0,0,0,100.0,281.95,Normal
2026-08-16 00:31:00,NYC-HQ,Edge-Router-01,GigabitEthernet0/0/1,35.56,14.78,2.06,0.0,0,0,0,100.0,355.57,Normal
2026-08-16 00:32:00,NYC-HQ,Edge-Router-01,GigabitEthernet0/0/1,29.96,11.98,1.5,0.0,0,0,0,100.0,299.6,Normal
2026-08-16 00:33:00,NYC-HQ,Edge-Router-01,GigabitEthernet0/0/1,26.83,10.41,1.18,0.0,0,0,0,100.0,268.27,Normal
2026-08-16 00:34:00,NYC-HQ,Edge-Router-01,GigabitEthernet0/0/1,32.47,13.23,1.75,0.0,0,0,0,100.0,324.68,Normal
2026-08-16 00:35:00,NYC-HQ,Edge-Router-01,GigabitEthernet0/0/1,26.34,10.17,1.13,0.0,0,0,0,100.0,263.37,Normal
2026-08-16 00:36:00,NYC-HQ,Edge-Router-01,GigabitEthernet0/0/1,30.63,12.31,1.56,0.0,0,0,0,100.0,306.27,Normal
2026-08-16 00:37:00,NYC-HQ,Edge-Router-01,GigabitEthernet0/0/1,24.12,9.06,0.91,0.0,0,0,0,100.0,241.21,Normal
2026-08-16 00:38:00,NYC-HQ,Edge-Router-01,GigabitEthernet0/0/1,26.02,10.01,1.1,0.0,0,0,0,100.0,260.15,Normal
2026-08-16 00:39:00,NYC-HQ,Edge-Router-01,GigabitEthernet0/0/1,30.59,12.3,1.56,0.0,0,0,0,100.0,305.91,Normal
2026-08-16 00:40:00,NYC-HQ,Edge-Router-01,GigabitEthernet0/0/1,32.22,13.11,1.72,0.0,0,0,0,100.0,322.15,Normal
2026-08-16 00:41:00,NYC-HQ,Edge-Router-01,GigabitEthernet0/0/1,30.51,12.26,1.55,0.0,0,0,0,100.0,305.14,Normal
2026-08-16 00:42:00,NYC-HQ,Edge-Router-01,GigabitEthernet0/0/1,29.65,11.83,1.47,0.0,0,0,0,100.0,296.53,Normal
2026-08-16 00:43:00,NYC-HQ,Edge-Router-01,GigabitEthernet0/0/1,29.1,11.55,1.41,0.0,0,0,0,100.0,290.97,Normal
2026-08-16 00:44:00,NYC-HQ,Edge-Router-01,GigabitEthernet0/0/1,25.56,9.78,1.06,0.0,0,0,0,100.0,255.64,Normal
2026-08-16 00:45:00,NYC-HQ,Edge-Router-01,GigabitEthernet0/0/1,27.84,10.92,1.28,0.0,0,0,0,100.0,278.4,Normal
2026-08-16 00:46:00,NYC-HQ,Edge-Router-01,GigabitEthernet0/0/1,28.62,11.31,1.36,0.0,0,0,0,100.0,286.18,Normal
2026-08-16 00:47:00,NYC-HQ,Edge-Router-01,GigabitEthernet0/0/1,33.17,13.59,1.82,0.0,0,0,0,100.0,331.71,Normal
2026-08-16 00:48:00,NYC-HQ,Edge-Router-01,GigabitEthernet0/0/1,31.03,12.52,1.6,0.0,0,0,0,100.0,310.31,Normal
2026-08-16 00:49:00,NYC-HQ,Edge-Router-01,GigabitEthernet0/0/1,24.71,9.36,0.97,0.0,0,0,0,100.0,247.11,Normal
2026-08-16 00:50:00,NYC-HQ,Edge-Router-01,GigabitEthernet0/0/1,30.97,12.49,1.6,0.0,0,0,0,100.0,309.72,Normal
2026-08-16 00:51:00,NYC-HQ,Edge-Router-01,GigabitEthernet0/0/1,28.84,11.42,1.38,0.0,0,0,0,100.0,288.45,Normal
2026-08-16 00:52:00,NYC-HQ,Edge-Router-01,GigabitEthernet0/0/1,27.97,10.98,1.3,0.0,0,0,0,100.0,279.69,Normal
2026-08-16 00:53:00,NYC-HQ,Edge-Router-01,GigabitEthernet0/0/1,31.84,12.92,1.68,0.0,0,0,0,100.0,318.35,Normal
2026-08-16 00:54:00,NYC-HQ,Edge-Router-01,GigabitEthernet0/0/1,33.09,13.55,1.81,0.0,0,0,0,100.0,330.93,Normal
2026-08-16 00:55:00,NYC-HQ,Edge-Router-01,GigabitEthernet0/0/1,32.79,13.4,1.78,0.0,0,0,0,100.0,327.94,Normal
2026-08-16 00:56:00,NYC-HQ,Edge-Router-01,GigabitEthernet0/0/1,27.48,10.74,1.25,0.0,0,0,0,100.0,274.82,Normal
2026-08-16 00:57:00,NYC-HQ,Edge-Router-01,GigabitEthernet0/0/1,29.07,11.54,1.41,0.0,0,0,0,100.0,290.72,Normal
2026-08-16 00:58:00,NYC-HQ,Edge-Router-01,GigabitEthernet0/0/1,30.99,12.5,1.6,0.0,0,0,0,100.0,309.94,Normal
2026-08-16 00:59:00,NYC-HQ,Edge-Router-01,GigabitEthernet0/0/1,32.93,13.46,1.79,0.0,0,0,0,100.0,329.27,Normal
2026-08-16 01:00:00,NYC-HQ,Edge-Router-01,GigabitEthernet0/0/1,28.56,11.28,1.36,0.0,0,0,0,100.0,285.62,Normal
2026-08-16 01:01:00,NYC-HQ,Edge-Router-01,GigabitEthernet0/0/1,29.44,11.72,1.44,0.0,0,0,0,100.0,294.43,Normal
2026-08-16 01:02:00,NYC-HQ,Edge-Router-01,GigabitEthernet0/0/1,26.68,10.34,1.17,0.0,0,0,0,100.0,266.81,Normal
2026-08-16 01:03:00,NYC-HQ,Edge-Router-01,GigabitEthernet0/0/1,26.41,10.21,1.14,0.0,0,0,0,100.0,264.11,Normal
2026-08-16 01:04:00,NYC-HQ,Edge-Router-01,GigabitEthernet0/0/1,32.44,13.22,1.74,0.0,0,0,0,100.0,324.38,Normal
2026-08-16 01:05:00,NYC-HQ,Edge-Router-01,GigabitEthernet0/0/1,34.07,14.03,1.91,0.0,0,0,0,100.0,340.69,Normal
2026-08-16 01:06:00,NYC-HQ,Edge-Router-01,GigabitEthernet0/0/1,29.78,11.89,1.48,0.0,0,0,0,100.0,297.84,Normal
2026-08-16 01:07:00,NYC-HQ,Edge-Router-01,GigabitEthernet0/0/1,33.01,13.51,1.8,0.0,0,0,0,100.0,330.11,Normal
2026-08-16 01:08:00,NYC-HQ,Edge-Router-01,GigabitEthernet0/0/1,31.08,12.54,1.61,0.0,0,0,0,100.0,310.85,Normal
2026-08-16 01:09:00,NYC-HQ,Edge-Router-01,GigabitEthernet0/0/1,28.06,11.03,1.31,0.0,0,0,0,100.0,280.65,Normal
2026-08-16 01:10:00,NYC-HQ,Edge-Router-01,GigabitEthernet0/0/1,31.08,12.54,1.61,0.0,0,0,0,100.0,310.84,Normal
2026-08-16 01:11:00,NYC-HQ,Edge-Router-01,GigabitEthernet0/0/1,34.61,14.31,1.96,0.0,0,0,0,100.0,346.14,Normal
2026-08-16 01:12:00,NYC-HQ,Edge-Router-01,GigabitEthernet0/0/1,29.89,11.95,1.49,0.0,0,0,0,100.0,298.93,Normal
2026-08-16 01:13:00,NYC-HQ,Edge-Router-01,GigabitEthernet0/0/1,34.69,14.35,1.97,0.0,0,0,0,100.0,346.94,Normal
2026-08-16 01:14:00,NYC-HQ,Edge-Router-01,GigabitEthernet0/0/1,22.14,8.07,0.71,0.0,0,0,0,100.0,221.41,Normal
2026-08-16 01:15:00,NYC-HQ,Edge-Router-01,GigabitEthernet0/0/1,32.47,13.23,1.75,0.0,0,0,0,100.0,324.66,Normal
2026-08-16 01:16:00,NYC-HQ,Edge-Router-01,GigabitEthernet0/0/1,30.26,12.13,1.53,0.0,0,0,0,100.0,302.61,Normal
2026-08-16 01:17:00,NYC-HQ,Edge-Router-01,GigabitEthernet0/0/1,29.1,11.55,1.41,0.0,0,0,0,100.0,291.03,Normal
2026-08-16 01:18:00,NYC-HQ,Edge-Router-01,GigabitEthernet0/0/1,30.28,12.14,1.53,0.0,0,0,0,100.0,302.75,Normal
2026-08-16 01:19:00,NYC-HQ,Edge-Router-01,GigabitEthernet0/0/1,24.04,9.02,0.9,0.0,0,0,0,100.0,240.37,Normal
2026-08-16 01:20:00,NYC-HQ,Edge-Router-01,GigabitEthernet0/0/1,29.34,11.67,1.43,0.0,0,0,0,100.0,293.41,Normal
2026-08-16 01:21:00,NYC-HQ,Edge-Router-01,GigabitEthernet0/0/1,31.07,12.54,1.61,0.0,0,0,0,100.0,310.71,Normal
2026-08-16 01:22:00,NYC-HQ,Edge-Router-01,GigabitEthernet0/0/1,34.43,14.22,1.94,0.0,0,0,0,100.0,344.34,Normal
2026-08-16 01:23:00,NYC-HQ,Edge-Router-01,GigabitEthernet0/0/1,28.45,11.22,1.34,0.0,0,0,0,100.0,284.45,Normal
2026-08-16 01:24:00,NYC-HQ,Edge-Router-01,GigabitEthernet0/0/1,27.57,10.79,1.26,0.0,0,0,0,100.0,275.75,Normal
2026-08-16 01:25:00,NYC-HQ,Edge-Router-01,GigabitEthernet0/0/1,28.49,11.25,1.35,0.0,0,0,0,100.0,284.95,Normal
2026-08-16 01:26:00,NYC-HQ,Edge-Router-01,GigabitEthernet0/0/1,32.75,13.37,1.77,0.0,0,0,0,100.0,327.46,Normal
2026-08-16 01:27:00,NYC-HQ,Edge-Router-01,GigabitEthernet0/0/1,30.99,12.49,1.6,0.0,0,0,0,100.0,309.86,Normal
2026-08-16 01:28:00,NYC-HQ,Edge-Router-01,GigabitEthernet0/0/1,28.41,11.21,1.34,0.0,0,0,0,100.0,284.11,Normal
2026-08-16 01:29:00,NYC-HQ,Edge-Router-01,GigabitEthernet0/0/1,31.54,12.77,1.65,0.0,0,0,0,100.0,315.4,Normal
2026-08-16 01:30:00,NYC-HQ,Edge-Router-01,GigabitEthernet0/0/1,30.29,12.15,1.53,0.0,0,0,0,100.0,302.91,Normal
2026-08-16 01:31:00,NYC-HQ,Edge-Router-01,GigabitEthernet0/0/1,32.91,13.45,1.79,0.0,0,0,0,100.0,329.06,Normal
2026-08-16 01:32:00,NYC-HQ,Edge-Router-01,GigabitEthernet0/0/1,27.89,10.95,1.29,0.0,0,0,0,100.0,278.94,Normal
2026-08-16 01:33:00,NYC-HQ,Edge-Router-01,GigabitEthernet0/0/1,29.02,11.51,1.4,0.0,0,0,0,100.0,290.17,Normal
2026-08-16 01:34:00,NYC-HQ,Edge-Router-01,GigabitEthernet0/0/1,28.82,11.41,1.38,0.0,0,0,0,100.0,288.24,Normal
2026-08-16 01:35:00,NYC-HQ,Edge-Router-01,GigabitEthernet0/0/1,25.61,9.8,1.06,0.0,0,0,0,100.0,256.09,Normal
2026-08-16 01:36:00,NYC-HQ,Edge-Router-01,GigabitEthernet0/0/1,30.89,12.44,1.59,0.0,0,0,0,100.0,308.88,Normal
2026-08-16 01:37:00,NYC-HQ,Edge-Router-01,GigabitEthernet0/0/1,30.78,12.39,1.58,0.0,0,0,0,100.0,307.83,Normal
2026-08-16 01:38:00,NYC-HQ,Edge-Router-01,GigabitEthernet0/0/1,30.02,12.01,1.5,0.0,0,0,0,100.0,300.15,Normal
2026-08-16 01:39:00,NYC-HQ,Edge-Router-01,GigabitEthernet0/0/1,29.3,11.65,1.43,0.0,0,0,0,100.0,292.96,Normal
2026-08-16 01:40:00,NYC-HQ,Edge-Router-01,GigabitEthernet0/0/1,40.0,15.0,2.0,0.0,0,0,0,100.0,400.0,Progressive Congestion
2026-08-16 01:41:00,NYC-HQ,Edge-Router-01,GigabitEthernet0/0/1,40.0,15.0,2.0,0.06,0,0,0,100.0,400.0,Progressive Congestion
2026-08-16 01:42:00,NYC-HQ,Edge-Router-01,GigabitEthernet0/0/1,40.41,15.69,2.0,0.12,0,0,0,100.0,404.15,Progressive Congestion
2026-08-16 01:43:00,NYC-HQ,Edge-Router-01,GigabitEthernet0/0/1,40.05,15.0,2.0,0.18,0,0,0,100.0,400.45,Progressive Congestion
2026-08-16 01:44:00,NYC-HQ,Edge-Router-01,GigabitEthernet0/0/1,41.88,18.99,2.48,0.24,0,0,0,100.0,418.77,Progressive Congestion
2026-08-16 01:45:00,NYC-HQ,Edge-Router-01,GigabitEthernet0/0/1,43.56,23.02,3.81,0.5,1,0,0,100.0,435.58,Progressive Congestion
2026-08-16 01:46:00,NYC-HQ,Edge-Router-01,GigabitEthernet0/0/1,47.07,31.63,6.97,1.3,2,0,0,100.0,470.72,Progressive Congestion
2026-08-16 01:47:00,NYC-HQ,Edge-Router-01,GigabitEthernet0/0/1,44.2,24.27,3.75,0.51,1,0,0,100.0,441.99,Progressive Congestion
2026-08-16 01:48:00,NYC-HQ,Edge-Router-01,GigabitEthernet0/0/1,44.92,25.89,4.12,0.61,1,0,0,100.0,449.15,Progressive Congestion
2026-08-16 01:49:00,NYC-HQ,Edge-Router-01,GigabitEthernet0/0/1,44.8,25.43,3.65,0.54,1,0,0,100.0,448.01,Progressive Congestion
2026-08-16 01:50:00,NYC-HQ,Edge-Router-01,GigabitEthernet0/0/1,41.66,17.41,2.0,0.6,0,0,0,100.0,416.62,Progressive Congestion
2026-08-16 01:51:00,NYC-HQ,Edge-Router-01,GigabitEthernet0/0/1,46.0,28.07,4.15,0.66,1,0,0,100.0,459.97,Progressive Congestion
2026-08-16 01:52:00,NYC-HQ,Edge-Router-01,GigabitEthernet0/0/1,46.72,29.7,4.52,0.75,1,0,0,100.0,467.2,Progressive Congestion
2026-08-16 01:53:00,NYC-HQ,Edge-Router-01,GigabitEthernet0/0/1,52.08,42.92,9.53,2.01,4,0,0,100.0,520.76,Progressive Congestion
2026-08-16 01:54:00,NYC-HQ,Edge-Router-01,GigabitEthernet0/0/1,47.32,30.84,4.42,0.84,1,0,0,100.0,473.15,Progressive Congestion
2026-08-16 01:55:00,NYC-HQ,Edge-Router-01,GigabitEthernet0/0/1,48.85,34.51,5.6,1.05,2,0,0,100.0,488.53,Progressive Congestion
2026-08-16 01:56:00,NYC-HQ,Edge-Router-01,GigabitEthernet0/0/1,48.73,34.03,5.13,0.96,2,0,0,100.0,487.31,Progressive Congestion
2026-08-16 01:57:00,NYC-HQ,Edge-Router-01,GigabitEthernet0/0/1,47.01,29.56,3.06,1.02,1,0,0,100.0,470.13,Progressive Congestion
2026-08-16 01:58:00,NYC-HQ,Edge-Router-01,GigabitEthernet0/0/1,52.19,42.31,7.89,1.65,3,0,0,100.0,521.86,Progressive Congestion
2026-08-16 01:59:00,NYC-HQ,Edge-Router-01,GigabitEthernet0/0/1,51.95,41.56,7.3,1.52,3,0,0,100.0,519.54,Progressive Congestion
2026-08-16 02:00:00,NYC-HQ,Edge-Router-01,GigabitEthernet0/0/1,52.58,42.96,7.58,1.6,3,0,0,100.0,525.82,Progressive Congestion
2026-08-16 02:01:00,NYC-HQ,Edge-Router-01,GigabitEthernet0/0/1,49.73,35.65,4.38,1.26,2,0,0,100.0,497.31,Progressive Congestion
2026-08-16 02:02:00,NYC-HQ,Edge-Router-01,GigabitEthernet0/0/1,54.91,48.41,9.21,2.02,4,0,0,100.0,549.06,Progressive Congestion
2026-08-16 02:03:00,NYC-HQ,Edge-Router-01,GigabitEthernet0/0/1,49.85,35.59,3.8,1.38,2,0,0,100.0,498.46,Progressive Congestion
2026-08-16 02:04:00,NYC-HQ,Edge-Router-01,GigabitEthernet0/0/1,54.37,46.73,7.97,1.73,4,0,0,100.0,543.74,Progressive Congestion
2026-08-16 02:05:00,NYC-HQ,Edge-Router-01,GigabitEthernet0/0/1,58.13,55.95,11.38,2.6,5,0,0,100.0,581.31,Progressive Congestion
2026-08-16 02:06:00,NYC-HQ,Edge-Router-01,GigabitEthernet0/0/1,52.32,41.25,5.22,1.56,2,0,0,100.0,523.19,Progressive Congestion
2026-08-16 02:07:00,NYC-HQ,Edge-Router-01,GigabitEthernet0/0/1,53.72,44.57,6.27,1.62,3,0,0,100.0,537.17,Progressive Congestion
2026-08-16 02:08:00,NYC-HQ,Edge-Router-01,GigabitEthernet0/0/1,55.6,49.1,7.8,1.73,4,0,0,100.0,555.99,Progressive Congestion
2026-08-16 02:09:00,NYC-HQ,Edge-Router-01,GigabitEthernet0/0/1,54.94,47.28,6.79,1.74,3,0,0,100.0,549.43,Progressive Congestion
2026-08-16 02:10:00,NYC-HQ,Edge-Router-01,GigabitEthernet0/0/1,53.4,43.25,4.9,1.8,2,0,0,100.0,533.99,Progressive Congestion
2026-08-16 02:11:00,NYC-HQ,Edge-Router-01,GigabitEthernet0/0/1,57.19,52.54,8.34,1.89,4,0,0,100.0,571.87,Progressive Congestion
2026-08-16 02:12:00,NYC-HQ,Edge-Router-01,GigabitEthernet0/0/1,55.48,48.09,6.28,1.92,3,0,0,100.0,554.75,Progressive Congestion
2026-08-16 02:13:00,NYC-HQ,Edge-Router-01,GigabitEthernet0/0/1,59.1,56.97,9.55,2.22,5,0,0,100.0,590.97,Progressive Congestion
2026-08-16 02:14:00,NYC-HQ,Edge-Router-01,GigabitEthernet0/0/1,56.86,51.2,6.96,2.04,4,0,0,100.0,568.61,Progressive Congestion
2026-08-16 02:15:00,NYC-HQ,Edge-Router-01,GigabitEthernet0/0/1,62.35,64.75,12.1,2.87,6,0,0,100.0,623.5,Progressive Congestion
2026-08-16 02:16:00,NYC-HQ,Edge-Router-01,GigabitEthernet0/0/1,58.23,54.28,7.63,2.16,4,0,0,100.0,582.33,Progressive Congestion
2026-08-16 02:17:00,NYC-HQ,Edge-Router-01,GigabitEthernet0/0/1,59.71,57.79,8.76,2.22,5,0,0,100.0,597.06,Progressive Congestion
2026-08-16 02:18:00,NYC-HQ,Edge-Router-01,GigabitEthernet0/0/1,62.53,64.67,11.23,2.69,6,0,0,100.0,625.27,Progressive Congestion
2026-08-16 02:19:00,NYC-HQ,Edge-Router-01,GigabitEthernet0/0/1,58.99,55.65,7.34,2.34,4,0,0,100.0,589.88,Progressive Congestion
2026-08-16 02:20:00,NYC-HQ,Edge-Router-01,GigabitEthernet0/0/1,62.45,64.14,10.45,2.51,6,0,0,100.0,624.55,Progressive Congestion
2026-08-16 02:21:00,NYC-HQ,Edge-Router-01,GigabitEthernet0/0/1,65.16,70.74,12.81,3.11,7,0,0,100.0,651.64,Progressive Congestion
2026-08-16 02:22:00,NYC-HQ,Edge-Router-01,GigabitEthernet0/0/1,59.89,57.36,7.19,2.52,4,0,0,100.0,598.85,Progressive Congestion
2026-08-16 02:23:00,NYC-HQ,Edge-Router-01,GigabitEthernet0/0/1,64.02,67.52,10.97,2.67,6,0,0,100.0,640.19,Progressive Congestion
2026-08-16 02:24:00,NYC-HQ,Edge-Router-01,GigabitEthernet0/0/1,64.72,69.1,11.32,2.77,6,0,0,100.0,647.2,Progressive Congestion
2026-08-16 02:25:00,NYC-HQ,Edge-Router-01,GigabitEthernet0/0/1,66.31,72.91,12.56,3.09,7,0,0,100.0,663.14,Progressive Congestion
2026-08-16 02:26:00,NYC-HQ,Edge-Router-01,GigabitEthernet0/0/1,62.83,64.02,8.73,2.76,5,0,0,100.0,628.26,Progressive Congestion
2026-08-16 02:27:00,NYC-HQ,Edge-Router-01,GigabitEthernet0/0/1,63.21,64.8,8.76,2.82,5,0,0,100.0,632.09,Progressive Congestion
2026-08-16 02:28:00,NYC-HQ,Edge-Router-01,GigabitEthernet0/0/1,67.44,75.21,12.64,3.14,7,0,0,100.0,674.44,Progressive Congestion
2026-08-16 02:29:00,NYC-HQ,Edge-Router-01,GigabitEthernet0/0/1,67.54,75.28,12.39,3.09,7,0,0,100.0,675.44,Progressive Congestion
2026-08-16 02:30:00,NYC-HQ,Edge-Router-01,GigabitEthernet0/0/1,68.0,76.25,12.5,3.13,7,0,0,100.0,680.01,Progressive Congestion
2026-08-16 02:31:00,NYC-HQ,Edge-Router-01,GigabitEthernet0/0/1,68.74,77.93,12.89,3.23,7,0,0,100.0,687.43,Progressive Congestion
2026-08-16 02:32:00,NYC-HQ,Edge-Router-01,GigabitEthernet0/0/1,67.24,74.0,11.04,3.12,7,0,0,100.0,672.4,Progressive Congestion
2026-08-16 02:33:00,NYC-HQ,Edge-Router-01,GigabitEthernet0/0/1,69.61,79.76,13.06,3.3,8,0,0,100.0,696.15,Progressive Congestion
2026-08-16 02:34:00,NYC-HQ,Edge-Router-01,GigabitEthernet0/0/1,70.29,81.27,13.39,3.39,8,0,0,100.0,702.86,Progressive Congestion
2026-08-16 02:35:00,NYC-HQ,Edge-Router-01,GigabitEthernet0/0/1,68.82,77.43,11.57,3.3,7,0,0,100.0,688.21,Progressive Congestion
2026-08-16 02:36:00,NYC-HQ,Edge-Router-01,GigabitEthernet0/0/1,74.53,91.53,16.93,4.29,10,0,0,100.0,745.32,Progressive Congestion
2026-08-16 02:37:00,NYC-HQ,Edge-Router-01,GigabitEthernet0/0/1,72.3,85.77,14.35,3.66,9,0,0,100.0,722.98,Progressive Congestion
2026-08-16 02:38:00,NYC-HQ,Edge-Router-01,GigabitEthernet0/0/1,69.52,78.64,11.22,3.48,7,0,0,100.0,695.17,Progressive Congestion
2026-08-16 02:39:00,NYC-HQ,Edge-Router-01,GigabitEthernet0/0/1,73.76,89.08,15.11,3.87,9,0,0,100.0,737.63,Progressive Congestion
2026-08-16 02:40:00,NYC-HQ,Edge-Router-01,GigabitEthernet0/0/1,71.05,82.13,12.05,3.6,8,0,0,100.0,710.51,Progressive Congestion
2026-08-16 02:41:00,NYC-HQ,Edge-Router-01,GigabitEthernet0/0/1,75.12,92.14,15.77,4.05,9,0,0,100.0,751.24,Progressive Congestion
2026-08-16 02:42:00,NYC-HQ,Edge-Router-01,GigabitEthernet0/0/1,76.42,95.19,16.72,4.3,10,0,0,100.0,764.17,Progressive Congestion
2026-08-16 02:43:00,NYC-HQ,Edge-Router-01,GigabitEthernet0/0/1,73.01,86.5,12.96,3.78,8,0,0,100.0,730.09,Progressive Congestion
2026-08-16 02:44:00,NYC-HQ,Edge-Router-01,GigabitEthernet0/0/1,77.13,96.62,16.73,4.32,10,0,0,100.0,771.27,Progressive Congestion
2026-08-16 02:45:00,NYC-HQ,Edge-Router-01,GigabitEthernet0/0/1,76.58,95.06,15.83,4.11,10,0,0,100.0,765.76,Progressive Congestion
2026-08-16 02:46:00,NYC-HQ,Edge-Router-01,GigabitEthernet0/0/1,77.94,98.31,16.84,4.37,10,0,0,100.0,779.44,Progressive Congestion
2026-08-16 02:47:00,NYC-HQ,Edge-Router-01,GigabitEthernet0/0/1,80.64,104.88,19.19,4.97,11,0,0,100.0,806.44,Progressive Congestion
2026-08-16 02:48:00,NYC-HQ,Edge-Router-01,GigabitEthernet0/0/1,76.91,95.37,15.11,4.08,9,0,0,100.0,769.09,Progressive Congestion
2026-08-16 02:49:00,NYC-HQ,Edge-Router-01,GigabitEthernet0/0/1,76.44,94.03,14.29,4.14,9,0,0,100.0,764.43,Progressive Congestion
2026-08-16 02:50:00,NYC-HQ,Edge-Router-01,GigabitEthernet0/0/1,76.72,94.55,14.22,4.2,9,0,0,100.0,767.21,Progressive Congestion
2026-08-16 02:51:00,NYC-HQ,Edge-Router-01,GigabitEthernet0/0/1,77.42,96.12,14.57,4.26,9,0,0,100.0,774.18,Progressive Congestion
2026-08-16 02:52:00,NYC-HQ,Edge-Router-01,GigabitEthernet0/0/1,79.45,101.01,16.25,4.32,10,0,0,100.0,794.46,Progressive Congestion
2026-08-16 02:53:00,NYC-HQ,Edge-Router-01,GigabitEthernet0/0/1,80.83,104.31,17.28,4.55,11,0,0,100.0,808.32,Progressive Congestion
2026-08-16 02:54:00,NYC-HQ,Edge-Router-01,GigabitEthernet0/0/1,81.25,105.18,17.35,4.58,11,0,0,100.0,812.53,Progressive Congestion
2026-08-16 02:55:00,NYC-HQ,Edge-Router-01,GigabitEthernet0/0/1,82.9,109.14,18.65,4.91,12,0,0,100.0,829.04,Progressive Congestion
2026-08-16 02:56:00,NYC-HQ,Edge-Router-01,GigabitEthernet0/0/1,81.83,106.27,17.23,4.57,11,0,0,100.0,818.26,Progressive Congestion
2026-08-16 02:57:00,NYC-HQ,Edge-Router-01,GigabitEthernet0/0/1,85.26,114.67,20.31,5.35,13,0,0,100.0,852.57,Progressive Congestion
2026-08-16 02:58:00,NYC-HQ,Edge-Router-01,GigabitEthernet0/0/1,82.37,107.28,17.07,4.68,11,0,0,100.0,823.71,Progressive Congestion
2026-08-16 02:59:00,NYC-HQ,Edge-Router-01,GigabitEthernet0/0/1,88.89,123.4,23.24,6.1,14,0,0,100.0,888.9,Progressive Congestion
2026-08-16 03:00:00,NYC-HQ,Edge-Router-01,GigabitEthernet0/0/1,85.25,114.13,19.25,5.11,12,0,0,100.0,852.51,Progressive Congestion
2026-08-16 03:01:00,NYC-HQ,Edge-Router-01,GigabitEthernet0/0/1,82.84,107.91,16.49,4.86,11,0,0,100.0,828.36,Progressive Congestion
2026-08-16 03:02:00,NYC-HQ,Edge-Router-01,GigabitEthernet0/0/1,82.96,108.05,16.26,4.92,11,0,0,100.0,829.58,Progressive Congestion
2026-08-16 03:03:00,NYC-HQ,Edge-Router-01,GigabitEthernet0/0/1,86.61,117.01,19.56,5.22,12,0,0,100.0,866.15,Progressive Congestion
2026-08-16 03:04:00,NYC-HQ,Edge-Router-01,GigabitEthernet0/0/1,85.75,114.68,18.35,5.04,12,0,0,100.0,857.53,Progressive Congestion
2026-08-16 03:05:00,NYC-HQ,Edge-Router-01,GigabitEthernet0/0/1,88.18,120.57,20.43,5.46,13,0,0,100.0,881.78,Progressive Congestion
2026-08-16 03:06:00,NYC-HQ,Edge-Router-01,GigabitEthernet0/0/1,88.25,120.57,20.15,5.4,13,0,0,100.0,882.46,Progressive Congestion
2026-08-16 03:07:00,NYC-HQ,Edge-Router-01,GigabitEthernet0/0/1,87.7,119.04,19.25,5.22,12,0,0,100.0,877.04,Progressive Congestion
2026-08-16 03:08:00,NYC-HQ,Edge-Router-01,GigabitEthernet0/0/1,86.71,116.37,17.91,5.28,12,0,0,100.0,867.06,Progressive Congestion
2026-08-16 03:09:00,NYC-HQ,Edge-Router-01,GigabitEthernet0/0/1,85.92,114.23,16.77,5.34,11,0,0,100.0,859.2,Progressive Congestion
2026-08-16 03:10:00,NYC-HQ,Edge-Router-01,GigabitEthernet0/0/1,88.61,120.77,19.11,5.4,13,0,0,100.0,886.07,Progressive Congestion
2026-08-16 03:11:00,NYC-HQ,Edge-Router-01,GigabitEthernet0/0/1,91.76,128.48,21.91,5.89,14,0,0,100.0,917.63,Progressive Congestion
2026-08-16 03:12:00,NYC-HQ,Edge-Router-01,GigabitEthernet0/0/1,91.03,126.47,20.83,5.63,14,0,0,100.0,910.28,Progressive Congestion
2026-08-16 03:13:00,NYC-HQ,Edge-Router-01,GigabitEthernet0/0/1,88.66,120.37,18.11,5.58,12,0,0,100.0,886.59,Progressive Congestion
2026-08-16 03:14:00,NYC-HQ,Edge-Router-01,GigabitEthernet0/0/1,92.05,128.67,21.15,5.73,14,0,0,100.0,920.46,Progressive Congestion
2026-08-16 03:15:00,NYC-HQ,Edge-Router-01,GigabitEthernet0/0/1,93.02,130.93,21.77,5.89,14,0,0,100.0,930.21,Progressive Congestion
2026-08-16 03:16:00,NYC-HQ,Edge-Router-01,GigabitEthernet0/0/1,91.03,125.78,19.43,5.76,13,0,0,100.0,910.32,Progressive Congestion
2026-08-16 03:17:00,NYC-HQ,Edge-Router-01,GigabitEthernet0/0/1,93.66,132.17,21.71,5.9,14,0,0,100.0,936.57,Progressive Congestion
2026-08-16 03:18:00,NYC-HQ,Edge-Router-01,GigabitEthernet0/0/1,94.02,132.89,21.72,5.91,14,0,0,100.0,940.16,Progressive Congestion
2026-08-16 03:19:00,NYC-HQ,Edge-Router-01,GigabitEthernet0/0/1,92.16,128.09,19.51,5.94,13,0,0,100.0,921.64,Progressive Congestion
2026-08-16 03:20:00,NYC-HQ,Edge-Router-01,GigabitEthernet0/0/1,46.79,27.86,5.72,1.86,0,2,0,95.0,467.89,BGP Flapping
2026-08-16 03:21:00,NYC-HQ,Edge-Router-01,GigabitEthernet0/0/1,47.8,29.49,6.12,2.06,0,1,0,95.0,478.04,BGP Flapping
2026-08-16 03:22:00,NYC-HQ,Edge-Router-01,GigabitEthernet0/0/1,47.58,29.12,6.03,2.02,0,4,1,95.0,475.75,BGP Flapping
2026-08-16 03:23:00,NYC-HQ,Edge-Router-01,GigabitEthernet0/0/1,47.57,29.11,6.03,2.01,0,1,0,95.0,475.69,BGP Flapping
2026-08-16 03:24:00,NYC-HQ,Edge-Router-01,GigabitEthernet0/0/1,47.85,29.57,6.14,2.07,0,2,0,95.0,478.54,BGP Flapping
2026-08-16 03:25:00,NYC-HQ,Edge-Router-01,GigabitEthernet0/0/1,50.68,34.08,7.27,2.64,0,4,0,95.0,506.78,BGP Flapping
2026-08-16 03:26:00,NYC-HQ,Edge-Router-01,GigabitEthernet0/0/1,41.14,18.82,3.45,1.5,0,1,0,95.0,411.36,BGP Flapping
2026-08-16 03:27:00,NYC-HQ,Edge-Router-01,GigabitEthernet0/0/1,43.82,23.11,4.53,1.5,0,1,0,95.0,438.16,BGP Flapping
2026-08-16 03:28:00,NYC-HQ,Edge-Router-01,GigabitEthernet0/0/1,48.43,30.49,6.37,2.19,0,0,0,95.0,484.31,BGP Flapping
2026-08-16 03:29:00,NYC-HQ,Edge-Router-01,GigabitEthernet0/0/1,36.94,15.0,1.77,1.5,0,4,0,95.0,369.36,BGP Flapping
2026-08-16 03:30:00,NYC-HQ,Edge-Router-01,GigabitEthernet0/0/1,45.32,25.51,5.13,1.56,0,2,0,95.0,453.21,BGP Flapping
2026-08-16 03:31:00,NYC-HQ,Edge-Router-01,GigabitEthernet0/0/1,39.61,16.38,2.84,1.5,0,2,0,95.0,396.11,BGP Flapping
2026-08-16 03:32:00,NYC-HQ,Edge-Router-01,GigabitEthernet0/0/1,45.23,25.36,5.09,1.55,0,1,0,95.0,452.28,BGP Flapping
2026-08-16 03:33:00,NYC-HQ,Edge-Router-01,GigabitEthernet0/0/1,41.74,19.79,3.7,1.5,0,2,1,95.0,417.42,BGP Flapping
2026-08-16 03:34:00,NYC-HQ,Edge-Router-01,GigabitEthernet0/0/1,34.87,15.0,1.0,1.5,0,2,0,95.0,348.74,BGP Flapping
2026-08-16 03:35:00,NYC-HQ,Edge-Router-01,GigabitEthernet0/0/1,45.93,26.49,5.37,1.69,0,1,0,95.0,459.32,BGP Flapping
2026-08-16 03:36:00,NYC-HQ,Edge-Router-01,GigabitEthernet0/0/1,47.52,29.04,6.01,2.0,0,1,0,95.0,475.25,BGP Flapping
2026-08-16 03:37:00,NYC-HQ,Edge-Router-01,GigabitEthernet0/0/1,49.33,31.93,6.73,2.37,0,0,0,95.0,493.29,BGP Flapping
2026-08-16 03:38:00,NYC-HQ,Edge-Router-01,GigabitEthernet0/0/1,53.83,39.12,8.53,3.27,0,2,0,95.0,538.27,BGP Flapping
2026-08-16 03:39:00,NYC-HQ,Edge-Router-01,GigabitEthernet0/0/1,47.02,28.24,5.81,1.9,0,6,0,95.0,470.25,BGP Flapping
2026-08-16 03:40:00,NYC-HQ,Edge-Router-01,GigabitEthernet0/0/1,55.61,41.98,9.24,3.62,0,1,0,95.0,556.11,BGP Flapping
2026-08-16 03:41:00,NYC-HQ,Edge-Router-01,GigabitEthernet0/0/1,50.16,33.26,7.06,2.53,0,1,0,95.0,501.62,BGP Flapping
2026-08-16 03:42:00,NYC-HQ,Edge-Router-01,GigabitEthernet0/0/1,47.22,28.55,5.89,1.94,0,1,0,95.0,472.19,BGP Flapping
2026-08-16 03:43:00,NYC-HQ,Edge-Router-01,GigabitEthernet0/0/1,48.87,31.2,6.55,2.27,0,1,0,95.0,488.73,BGP Flapping
2026-08-16 03:44:00,NYC-HQ,Edge-Router-01,GigabitEthernet0/0/1,43.74,22.98,4.49,1.5,0,1,0,95.0,437.37,BGP Flapping
2026-08-16 03:45:00,NYC-HQ,Edge-Router-01,GigabitEthernet0/0/1,38.76,15.02,2.5,1.5,0,2,0,95.0,387.61,BGP Flapping
2026-08-16 03:46:00,NYC-HQ,Edge-Router-01,GigabitEthernet0/0/1,52.21,36.53,7.88,2.94,0,1,1,95.0,522.06,BGP Flapping
2026-08-16 03:47:00,NYC-HQ,Edge-Router-01,GigabitEthernet0/0/1,37.82,15.0,2.13,1.5,0,2,0,95.0,378.21,BGP Flapping
2026-08-16 03:48:00,NYC-HQ,Edge-Router-01,GigabitEthernet0/0/1,46.0,26.59,5.4,1.7,0,0,0,95.0,459.95,BGP Flapping
2026-08-16 03:49:00,NYC-HQ,Edge-Router-01,GigabitEthernet0/0/1,42.0,20.2,3.8,1.5,0,6,0,95.0,419.99,BGP Flapping
2026-08-16 03:50:00,NYC-HQ,Edge-Router-01,GigabitEthernet0/0/1,52.93,37.69,8.17,3.09,0,1,0,95.0,529.3,BGP Flapping
2026-08-16 03:51:00,NYC-HQ,Edge-Router-01,GigabitEthernet0/0/1,38.81,15.1,2.52,1.5,0,6,0,95.0,388.11,BGP Flapping
2026-08-16 03:52:00,NYC-HQ,Edge-Router-01,GigabitEthernet0/0/1,46.4,27.25,5.56,1.78,0,0,0,95.0,464.05,BGP Flapping
2026-08-16 03:53:00,NYC-HQ,Edge-Router-01,GigabitEthernet0/0/1,41.89,20.02,3.75,1.5,0,4,0,95.0,418.87,BGP Flapping
2026-08-16 03:54:00,NYC-HQ,Edge-Router-01,GigabitEthernet0/0/1,42.05,20.29,3.82,1.5,0,0,0,95.0,420.53,BGP Flapping
2026-08-16 03:55:00,NYC-HQ,Edge-Router-01,GigabitEthernet0/0/1,49.25,31.8,6.7,2.35,0,2,1,95.0,492.48,BGP Flapping
2026-08-16 03:56:00,NYC-HQ,Edge-Router-01,GigabitEthernet0/0/1,49.06,31.5,6.63,2.31,0,0,0,95.0,490.64,BGP Flapping
2026-08-16 03:57:00,NYC-HQ,Edge-Router-01,GigabitEthernet0/0/1,48.15,30.04,6.26,2.13,0,2,1,95.0,481.48,BGP Flapping
2026-08-16 03:58:00,NYC-HQ,Edge-Router-01,GigabitEthernet0/0/1,44.9,24.83,4.96,1.5,0,1,0,95.0,448.95,BGP Flapping
2026-08-16 03:59:00,NYC-HQ,Edge-Router-01,GigabitEthernet0/0/1,45.59,25.94,5.23,1.62,0,1,1,95.0,455.87,BGP Flapping
2026-08-16 04:00:00,NYC-HQ,Edge-Router-01,GigabitEthernet0/0/1,43.91,23.26,4.56,1.5,0,2,0,95.0,439.12,BGP Flapping
2026-08-16 04:01:00,NYC-HQ,Edge-Router-01,GigabitEthernet0/0/1,50.49,33.79,7.2,2.6,0,0,1,95.0,504.94,BGP Flapping
2026-08-16 04:02:00,NYC-HQ,Edge-Router-01,GigabitEthernet0/0/1,51.53,35.44,7.61,2.81,0,1,1,95.0,515.27,BGP Flapping
2026-08-16 04:03:00,NYC-HQ,Edge-Router-01,GigabitEthernet0/0/1,45.11,25.17,5.04,1.52,0,1,0,95.0,451.05,BGP Flapping
2026-08-16 04:04:00,NYC-HQ,Edge-Router-01,GigabitEthernet0/0/1,46.62,27.59,5.65,1.82,0,6,0,95.0,466.21,BGP Flapping
2026-08-16 04:05:00,NYC-HQ,Edge-Router-01,GigabitEthernet0/0/1,44.35,23.96,4.74,1.5,0,2,0,95.0,443.49,BGP Flapping
2026-08-16 04:06:00,NYC-HQ,Edge-Router-01,GigabitEthernet0/0/1,39.97,16.95,2.99,1.5,0,2,0,95.0,399.7,BGP Flapping
2026-08-16 04:07:00,NYC-HQ,Edge-Router-01,GigabitEthernet0/0/1,38.93,15.29,2.57,1.5,0,2,0,95.0,389.29,BGP Flapping
2026-08-16 04:08:00,NYC-HQ,Edge-Router-01,GigabitEthernet0/0/1,44.94,24.9,4.98,1.5,0,0,0,95.0,449.39,BGP Flapping
2026-08-16 04:09:00,NYC-HQ,Edge-Router-01,GigabitEthernet0/0/1,40.51,17.82,3.21,1.5,0,1,1,95.0,405.14,BGP Flapping
2026-08-16 04:10:00,NYC-HQ,Edge-Router-01,GigabitEthernet0/0/1,40.87,18.4,3.35,1.5,0,0,0,95.0,408.73,BGP Flapping
2026-08-16 04:11:00,NYC-HQ,Edge-Router-01,GigabitEthernet0/0/1,43.39,22.43,4.36,1.5,0,2,0,95.0,433.93,BGP Flapping
2026-08-16 04:12:00,NYC-HQ,Edge-Router-01,GigabitEthernet0/0/1,46.22,26.96,5.49,1.74,0,0,1,95.0,462.25,BGP Flapping
2026-08-16 04:13:00,NYC-HQ,Edge-Router-01,GigabitEthernet0/0/1,42.47,20.94,3.99,1.5,0,2,0,95.0,424.65,BGP Flapping
2026-08-16 04:14:00,NYC-HQ,Edge-Router-01,GigabitEthernet0/0/1,37.76,15.0,2.1,1.5,0,4,1,95.0,377.6,BGP Flapping
2026-08-16 04:15:00,NYC-HQ,Edge-Router-01,GigabitEthernet0/0/1,37.96,15.0,2.19,1.5,0,6,0,95.0,379.63,BGP Flapping
2026-08-16 04:16:00,NYC-HQ,Edge-Router-01,GigabitEthernet0/0/1,41.41,19.25,3.56,1.5,0,2,0,95.0,414.08,BGP Flapping
2026-08-16 04:17:00,NYC-HQ,Edge-Router-01,GigabitEthernet0/0/1,43.93,23.29,4.57,1.5,0,1,1,95.0,439.33,BGP Flapping
2026-08-16 04:18:00,NYC-HQ,Edge-Router-01,GigabitEthernet0/0/1,44.9,24.85,4.96,1.5,0,0,0,95.0,449.05,BGP Flapping
2026-08-16 04:19:00,NYC-HQ,Edge-Router-01,GigabitEthernet0/0/1,39.99,16.98,2.99,1.5,0,0,0,95.0,399.87,BGP Flapping
2026-08-16 04:20:00,NYC-HQ,Edge-Router-01,GigabitEthernet0/0/1,46.61,27.58,5.65,1.82,0,2,0,95.0,466.14,BGP Flapping
2026-08-16 04:21:00,NYC-HQ,Edge-Router-01,GigabitEthernet0/0/1,40.86,18.38,3.35,1.5,0,6,0,95.0,408.64,BGP Flapping
2026-08-16 04:22:00,NYC-HQ,Edge-Router-01,GigabitEthernet0/0/1,48.45,30.52,6.38,2.19,0,0,1,95.0,484.51,BGP Flapping
2026-08-16 04:23:00,NYC-HQ,Edge-Router-01,GigabitEthernet0/0/1,42.99,21.79,4.2,1.5,0,0,1,95.0,429.94,BGP Flapping
2026-08-16 04:24:00,NYC-HQ,Edge-Router-01,GigabitEthernet0/0/1,46.12,26.79,5.45,1.72,0,0,0,95.0,461.2,BGP Flapping
2026-08-16 04:25:00,NYC-HQ,Edge-Router-01,GigabitEthernet0/0/1,45.06,25.1,5.03,1.51,0,6,0,95.0,450.63,BGP Flapping
2026-08-16 04:26:00,NYC-HQ,Edge-Router-01,GigabitEthernet0/0/1,52.26,36.61,7.9,2.95,0,1,0,95.0,522.56,BGP Flapping
2026-08-16 04:27:00,NYC-HQ,Edge-Router-01,GigabitEthernet0/0/1,49.8,32.67,6.92,2.46,0,1,1,95.0,497.96,BGP Flapping
2026-08-16 04:28:00,NYC-HQ,Edge-Router-01,GigabitEthernet0/0/1,55.95,42.52,9.38,3.69,0,0,0,95.0,559.49,BGP Flapping
2026-08-16 04:29:00,NYC-HQ,Edge-Router-01,GigabitEthernet0/0/1,40.96,18.53,3.38,1.5,0,1,0,95.0,409.59,BGP Flapping
2026-08-16 04:30:00,NYC-HQ,Edge-Router-01,GigabitEthernet0/0/1,41.2,18.93,3.48,1.5,0,6,1,95.0,412.04,BGP Flapping
2026-08-16 04:31:00,NYC-HQ,Edge-Router-01,GigabitEthernet0/0/1,45.75,26.2,5.3,1.65,0,2,0,95.0,457.52,BGP Flapping
2026-08-16 04:32:00,NYC-HQ,Edge-Router-01,GigabitEthernet0/0/1,49.75,32.6,6.9,2.45,0,2,0,95.0,497.52,BGP Flapping
2026-08-16 04:33:00,NYC-HQ,Edge-Router-01,GigabitEthernet0/0/1,42.12,20.38,3.85,1.5,0,6,1,95.0,421.15,BGP Flapping
2026-08-16 04:34:00,NYC-HQ,Edge-Router-01,GigabitEthernet0/0/1,38.4,15.0,2.36,1.5,0,6,1,95.0,383.99,BGP Flapping
2026-08-16 04:35:00,NYC-HQ,Edge-Router-01,GigabitEthernet0/0/1,54.16,39.65,8.66,3.33,0,0,0,95.0,541.57,BGP Flapping
2026-08-16 04:36:00,NYC-HQ,Edge-Router-01,GigabitEthernet0/0/1,50.9,34.44,7.36,2.68,0,6,0,95.0,508.97,BGP Flapping
2026-08-16 04:37:00,NYC-HQ,Edge-Router-01,GigabitEthernet0/0/1,42.65,21.25,4.06,1.5,0,1,0,95.0,426.54,BGP Flapping
2026-08-16 04:38:00,NYC-HQ,Edge-Router-01,GigabitEthernet0/0/1,44.43,24.08,4.77,1.5,0,1,0,95.0,444.27,BGP Flapping
2026-08-16 04:39:00,NYC-HQ,Edge-Router-01,GigabitEthernet0/0/1,51.19,34.9,7.48,2.74,0,0,1,95.0,511.89,BGP Flapping
2026-08-16 04:40:00,NYC-HQ,Edge-Router-01,GigabitEthernet0/0/1,45.03,25.04,5.01,1.51,0,2,1,95.0,450.26,BGP Flapping
2026-08-16 04:41:00,NYC-HQ,Edge-Router-01,GigabitEthernet0/0/1,45.23,25.38,5.09,1.55,0,4,0,95.0,452.35,BGP Flapping
2026-08-16 04:42:00,NYC-HQ,Edge-Router-01,GigabitEthernet0/0/1,39.66,16.46,2.86,1.5,0,6,0,95.0,396.62,BGP Flapping
2026-08-16 04:43:00,NYC-HQ,Edge-Router-01,GigabitEthernet0/0/1,44.29,23.86,4.72,1.5,0,0,0,95.0,442.88,BGP Flapping
2026-08-16 04:44:00,NYC-HQ,Edge-Router-01,GigabitEthernet0/0/1,37.33,15.0,1.93,1.5,0,0,0,95.0,373.29,BGP Flapping
2026-08-16 04:45:00,NYC-HQ,Edge-Router-01,GigabitEthernet0/0/1,51.39,35.22,7.56,2.78,0,1,0,95.0,513.88,BGP Flapping
2026-08-16 04:46:00,NYC-HQ,Edge-Router-01,GigabitEthernet0/0/1,50.9,34.43,7.36,2.68,0,1,0,95.0,508.96,BGP Flapping
2026-08-16 04:47:00,NYC-HQ,Edge-Router-01,GigabitEthernet0/0/1,45.34,25.54,5.14,1.57,0,4,0,95.0,453.38,BGP Flapping
2026-08-16 04:48:00,NYC-HQ,Edge-Router-01,GigabitEthernet0/0/1,48.23,30.16,6.29,2.15,0,2,0,95.0,482.27,BGP Flapping
2026-08-16 04:49:00,NYC-HQ,Edge-Router-01,GigabitEthernet0/0/1,51.84,35.95,7.74,2.87,0,0,0,95.0,518.43,BGP Flapping
2026-08-16 04:50:00,NYC-HQ,Edge-Router-01,GigabitEthernet0/0/1,50.29,33.47,7.12,2.56,0,1,0,95.0,502.92,BGP Flapping
2026-08-16 04:51:00,NYC-HQ,Edge-Router-01,GigabitEthernet0/0/1,36.21,15.0,1.48,1.5,0,6,0,95.0,362.06,BGP Flapping
2026-08-16 04:52:00,NYC-HQ,Edge-Router-01,GigabitEthernet0/0/1,52.51,37.02,8.0,3.0,0,1,0,95.0,525.12,BGP Flapping
2026-08-16 04:53:00,NYC-HQ,Edge-Router-01,GigabitEthernet0/0/1,45.37,25.59,5.15,1.57,0,4,1,95.0,453.7,BGP Flapping
2026-08-16 04:54:00,NYC-HQ,Edge-Router-01,GigabitEthernet0/0/1,36.48,15.0,1.59,1.5,0,1,1,95.0,364.83,BGP Flapping
2026-08-16 04:55:00,NYC-HQ,Edge-Router-01,GigabitEthernet0/0/1,44.72,24.56,4.89,1.5,0,1,0,95.0,447.22,BGP Flapping
2026-08-16 04:56:00,NYC-HQ,Edge-Router-01,GigabitEthernet0/0/1,38.48,15.0,2.39,1.5,0,0,0,95.0,384.78,BGP Flapping
2026-08-16 04:57:00,NYC-HQ,Edge-Router-01,GigabitEthernet0/0/1,48.35,30.36,6.34,2.17,0,0,0,95.0,483.48,BGP Flapping
2026-08-16 04:58:00,NYC-HQ,Edge-Router-01,GigabitEthernet0/0/1,46.83,27.93,5.73,1.87,0,0,0,95.0,468.33,BGP Flapping
2026-08-16 04:59:00,NYC-HQ,Edge-Router-01,GigabitEthernet0/0/1,40.3,17.48,3.12,1.5,0,4,0,95.0,403.01,BGP Flapping
2026-08-16 05:00:00,NYC-HQ,Edge-Router-01,GigabitEthernet0/0/1,31.06,30.14,6.06,0.0,0,0,0,98.03,248.46,IPSec Degradation
2026-08-16 05:01:00,NYC-HQ,Edge-Router-01,GigabitEthernet0/0/1,37.02,45.94,12.37,0.62,0,0,0,100.0,296.13,IPSec Degradation
2026-08-16 05:02:00,NYC-HQ,Edge-Router-01,GigabitEthernet0/0/1,32.88,36.5,8.58,0.24,0,0,0,97.44,263.03,IPSec Degradation
2026-08-16 05:03:00,NYC-HQ,Edge-Router-01,GigabitEthernet0/0/1,31.83,34.77,7.88,0.36,0,0,0,96.16,254.63,IPSec Degradation
2026-08-16 05:04:00,NYC-HQ,Edge-Router-01,GigabitEthernet0/0/1,34.57,42.53,10.97,0.48,0,0,0,96.79,276.58,IPSec Degradation
2026-08-16 05:05:00,NYC-HQ,Edge-Router-01,GigabitEthernet0/0/1,30.86,34.15,7.61,0.6,0,0,0,94.18,246.87,IPSec Degradation
2026-08-16 05:06:00,NYC-HQ,Edge-Router-01,GigabitEthernet0/0/1,32.79,39.86,9.89,0.72,0,0,0,94.39,262.28,IPSec Degradation
2026-08-16 05:07:00,NYC-HQ,Edge-Router-01,GigabitEthernet0/0/1,30.21,34.32,7.66,0.84,0,0,0,92.35,241.67,IPSec Degradation
2026-08-16 05:08:00,NYC-HQ,Edge-Router-01,GigabitEthernet0/0/1,42.86,66.85,20.66,2.92,0,0,0,97.93,342.87,IPSec Degradation
2026-08-16 05:09:00,NYC-HQ,Edge-Router-01,GigabitEthernet0/0/1,35.14,48.45,13.29,1.12,0,0,0,93.32,281.13,IPSec Degradation
2026-08-16 05:10:00,NYC-HQ,Edge-Router-01,GigabitEthernet0/0/1,32.2,42.0,10.7,1.2,0,0,0,91.1,257.61,IPSec Degradation
2026-08-16 05:11:00,NYC-HQ,Edge-Router-01,GigabitEthernet0/0/1,35.86,52.04,14.71,1.53,0,0,0,92.18,286.85,IPSec Degradation
2026-08-16 05:12:00,NYC-HQ,Edge-Router-01,GigabitEthernet0/0/1,34.55,49.68,13.75,1.44,0,0,0,90.78,276.41,IPSec Degradation
2026-08-16 05:13:00,NYC-HQ,Edge-Router-01,GigabitEthernet0/0/1,34.12,49.49,13.67,1.56,0,0,0,89.81,272.93,IPSec Degradation
2026-08-16 05:14:00,NYC-HQ,Edge-Router-01,GigabitEthernet0/0/1,37.46,58.74,17.36,2.29,0,0,0,90.73,299.65,IPSec Degradation
2026-08-16 05:15:00,NYC-HQ,Edge-Router-01,GigabitEthernet0/0/1,38.03,61.08,18.28,2.56,0,0,0,90.27,304.24,IPSec Degradation
2026-08-16 05:16:00,NYC-HQ,Edge-Router-01,GigabitEthernet0/0/1,32.88,49.09,13.48,1.92,0,0,0,86.94,263.02,IPSec Degradation
2026-08-16 05:17:00,NYC-HQ,Edge-Router-01,GigabitEthernet0/0/1,32.7,49.54,13.65,2.04,0,0,0,86.1,261.57,IPSec Degradation
2026-08-16 05:18:00,NYC-HQ,Edge-Router-01,GigabitEthernet0/0/1,33.9,53.45,15.2,2.16,0,0,0,85.95,271.2,IPSec Degradation
2026-08-16 05:19:00,NYC-HQ,Edge-Router-01,GigabitEthernet0/0/1,25.79,34.08,7.44,2.28,0,0,0,81.15,206.34,IPSec Degradation
2026-08-16 05:20:00,NYC-HQ,Edge-Router-01,GigabitEthernet0/0/1,28.94,42.85,10.94,2.4,1,0,0,81.97,231.51,IPSec Degradation
2026-08-16 05:21:00,NYC-HQ,Edge-Router-01,GigabitEthernet0/0/1,40.47,72.57,22.82,3.89,1,0,0,86.98,323.74,IPSec Degradation
2026-08-16 05:22:00,NYC-HQ,Edge-Router-01,GigabitEthernet0/0/1,41.58,76.25,24.28,4.28,1,0,0,86.79,332.64,IPSec Degradation
2026-08-16 05:23:00,NYC-HQ,Edge-Router-01,GigabitEthernet0/0/1,34.0,58.21,17.05,2.76,1,0,0,82.25,272.03,IPSec Degradation
2026-08-16 05:24:00,NYC-HQ,Edge-Router-01,GigabitEthernet0/0/1,37.31,67.37,20.71,3.46,1,0,0,83.15,298.45,IPSec Degradation
2026-08-16 05:25:00,NYC-HQ,Edge-Router-01,GigabitEthernet0/0/1,36.25,65.61,20.0,3.31,1,0,0,81.87,289.96,IPSec Degradation
2026-08-16 05:26:00,NYC-HQ,Edge-Router-01,GigabitEthernet0/0/1,47.32,94.19,31.42,6.2,1,0,0,86.66,378.52,IPSec Degradation
2026-08-16 05:27:00,NYC-HQ,Edge-Router-01,GigabitEthernet0/0/1,39.48,75.5,23.93,4.36,1,0,0,81.99,315.83,IPSec Degradation
2026-08-16 05:28:00,NYC-HQ,Edge-Router-01,GigabitEthernet0/0/1,34.49,63.92,19.29,3.36,1,0,0,78.74,275.91,IPSec Degradation
2026-08-16 05:29:00,NYC-HQ,Edge-Router-01,GigabitEthernet0/0/1,31.18,56.54,16.33,3.48,1,0,0,76.34,249.42,IPSec Degradation
2026-08-16 05:30:00,NYC-HQ,Edge-Router-01,GigabitEthernet0/0/1,28.57,50.94,14.07,3.6,1,0,0,74.29,228.59,IPSec Degradation
2026-08-16 05:31:00,NYC-HQ,Edge-Router-01,GigabitEthernet0/0/1,35.81,69.93,21.66,3.92,1,0,0,77.16,286.51,IPSec Degradation
2026-08-16 05:32:00,NYC-HQ,Edge-Router-01,GigabitEthernet0/0/1,31.97,61.24,18.17,3.84,1,0,0,74.49,255.8,IPSec Degradation
2026-08-16 05:33:00,NYC-HQ,Edge-Router-01,GigabitEthernet0/0/1,29.31,55.48,15.86,3.96,1,0,0,72.41,234.49,IPSec Degradation
2026-08-16 05:34:00,NYC-HQ,Edge-Router-01,GigabitEthernet0/0/1,32.41,64.13,19.31,4.08,1,0,0,73.21,259.31,IPSec Degradation
2026-08-16 05:35:00,NYC-HQ,Edge-Router-01,GigabitEthernet0/0/1,30.67,60.68,17.92,4.2,1,0,0,71.59,245.39,IPSec Degradation
2026-08-16 05:36:00,NYC-HQ,Edge-Router-01,GigabitEthernet0/0/1,41.75,89.27,29.35,6.01,1,0,0,76.37,333.99,IPSec Degradation
2026-08-16 05:37:00,NYC-HQ,Edge-Router-01,GigabitEthernet0/0/1,38.53,82.12,26.48,5.32,1,0,0,74.01,308.21,IPSec Degradation
2026-08-16 05:38:00,NYC-HQ,Edge-Router-01,GigabitEthernet0/0/1,34.97,74.12,23.27,4.56,1,0,0,71.48,279.74,IPSec Degradation
2026-08-16 05:39:00,NYC-HQ,Edge-Router-01,GigabitEthernet0/0/1,40.92,89.9,29.57,6.16,1,0,0,73.71,327.36,IPSec Degradation
2026-08-16 05:40:00,NYC-HQ,Edge-Router-01,GigabitEthernet0/0/1,35.31,76.77,24.31,4.88,2,0,0,70.15,282.48,IPSec Degradation
2026-08-16 05:41:00,NYC-HQ,Edge-Router-01,GigabitEthernet0/0/1,31.55,68.29,20.9,4.92,2,0,0,67.53,252.44,IPSec Degradation
2026-08-16 05:42:00,NYC-HQ,Edge-Router-01,GigabitEthernet0/0/1,41.09,93.03,30.79,6.56,2,0,0,71.55,328.74,IPSec Degradation
2026-08-16 05:43:00,NYC-HQ,Edge-Router-01,GigabitEthernet0/0/1,37.16,84.09,27.21,5.7,2,0,0,68.83,297.25,IPSec Degradation
2026-08-16 05:44:00,NYC-HQ,Edge-Router-01,GigabitEthernet0/0/1,30.85,69.23,21.25,5.28,2,0,0,64.93,246.81,IPSec Degradation
2026-08-16 05:45:00,NYC-HQ,Edge-Router-01,GigabitEthernet0/0/1,34.24,78.6,24.99,5.4,2,0,0,65.87,273.91,IPSec Degradation
2026-08-16 05:46:00,NYC-HQ,Edge-Router-01,GigabitEthernet0/0/1,31.5,72.64,22.6,5.52,2,0,0,63.75,251.98,IPSec Degradation
2026-08-16 05:47:00,NYC-HQ,Edge-Router-01,GigabitEthernet0/0/1,29.47,68.47,20.92,5.64,2,0,0,61.98,235.75,IPSec Degradation
2026-08-16 05:48:00,NYC-HQ,Edge-Router-01,GigabitEthernet0/0/1,38.7,92.46,30.5,6.69,2,0,0,65.85,309.64,IPSec Degradation
2026-08-16 05:49:00,NYC-HQ,Edge-Router-01,GigabitEthernet0/0/1,42.64,103.19,34.79,7.79,2,0,0,67.07,341.1,IPSec Degradation
2026-08-16 05:50:00,NYC-HQ,Edge-Router-01,GigabitEthernet0/0/1,29.41,71.01,21.91,6.0,2,0,0,59.7,235.25,IPSec Degradation
2026-08-16 05:51:00,NYC-HQ,Edge-Router-01,GigabitEthernet0/0/1,37.25,91.53,30.1,6.68,2,0,0,62.88,298.02,IPSec Degradation
2026-08-16 05:52:00,NYC-HQ,Edge-Router-01,GigabitEthernet0/0/1,32.4,80.29,25.6,6.24,2,0,0,59.7,259.18,IPSec Degradation
2026-08-16 05:53:00,NYC-HQ,Edge-Router-01,GigabitEthernet0/0/1,33.05,82.83,26.6,6.36,2,0,0,59.28,264.41,IPSec Degradation
2026-08-16 05:54:00,NYC-HQ,Edge-Router-01,GigabitEthernet0/0/1,32.63,82.68,26.53,6.48,2,0,0,58.32,261.04,IPSec Degradation
2026-08-16 05:55:00,NYC-HQ,Edge-Router-01,GigabitEthernet0/0/1,31.54,80.86,25.79,6.6,2,0,0,57.02,252.35,IPSec Degradation
2026-08-16 05:56:00,NYC-HQ,Edge-Router-01,GigabitEthernet0/0/1,35.19,90.89,29.79,6.77,2,0,0,58.1,281.55,IPSec Degradation
2026-08-16 05:57:00,NYC-HQ,Edge-Router-01,GigabitEthernet0/0/1,31.68,82.99,26.63,6.84,2,0,0,55.59,253.41,IPSec Degradation
2026-08-16 05:58:00,NYC-HQ,Edge-Router-01,GigabitEthernet0/0/1,36.08,94.9,31.38,7.23,2,0,0,57.04,288.65,IPSec Degradation
2026-08-16 05:59:00,NYC-HQ,Edge-Router-01,GigabitEthernet0/0/1,34.8,92.6,30.45,7.08,2,0,0,55.65,278.39,IPSec Degradation
2026-08-16 06:00:00,NYC-HQ,Edge-Router-01,GigabitEthernet0/0/1,34.04,91.61,30.04,7.2,3,0,0,54.52,272.35,IPSec Degradation
2026-08-16 06:01:00,NYC-HQ,Edge-Router-01,GigabitEthernet0/0/1,31.37,85.82,27.72,7.32,3,0,0,52.43,250.96,IPSec Degradation
2026-08-16 06:02:00,NYC-HQ,Edge-Router-01,GigabitEthernet0/0/1,32.69,90.03,29.39,7.44,3,0,0,52.35,261.54,IPSec Degradation
2026-08-16 06:03:00,NYC-HQ,Edge-Router-01,GigabitEthernet0/0/1,38.02,104.25,35.07,8.32,3,0,0,54.26,304.17,IPSec Degradation
2026-08-16 06:04:00,NYC-HQ,Edge-Router-01,GigabitEthernet0/0/1,37.0,102.61,34.4,8.18,3,0,0,53.0,296.03,IPSec Degradation
2026-08-16 06:05:00,NYC-HQ,Edge-Router-01,GigabitEthernet0/0/1,31.09,88.72,28.84,7.8,3,0,0,49.29,248.72,IPSec Degradation
2026-08-16 06:06:00,NYC-HQ,Edge-Router-01,GigabitEthernet0/0/1,35.4,100.39,33.5,8.02,3,0,0,50.7,283.18,IPSec Degradation
2026-08-16 06:07:00,NYC-HQ,Edge-Router-01,GigabitEthernet0/0/1,38.01,107.81,36.46,8.79,3,0,0,51.25,304.04,IPSec Degradation
2026-08-16 06:08:00,NYC-HQ,Edge-Router-01,GigabitEthernet0/0/1,28.32,84.51,27.12,8.16,3,0,0,45.66,226.58,IPSec Degradation
2026-08-16 06:09:00,NYC-HQ,Edge-Router-01,GigabitEthernet0/0/1,37.17,107.53,36.32,8.82,3,0,0,49.34,297.39,IPSec Degradation
2026-08-16 06:10:00,NYC-HQ,Edge-Router-01,GigabitEthernet0/0/1,32.35,96.37,31.85,8.4,3,0,0,46.17,258.8,IPSec Degradation
2026-08-16 06:11:00,NYC-HQ,Edge-Router-01,GigabitEthernet0/0/1,37.28,109.61,37.13,9.09,3,0,0,47.89,298.26,IPSec Degradation
2026-08-16 06:12:00,NYC-HQ,Edge-Router-01,GigabitEthernet0/0/1,31.95,97.17,32.15,8.64,3,0,0,44.47,255.58,IPSec Degradation
2026-08-16 06:13:00,NYC-HQ,Edge-Router-01,GigabitEthernet0/0/1,27.78,87.65,28.33,8.76,3,0,0,41.64,222.24,IPSec Degradation
2026-08-16 06:14:00,NYC-HQ,Edge-Router-01,GigabitEthernet0/0/1,28.49,90.32,29.39,8.88,3,0,0,41.24,227.92,IPSec Degradation
2026-08-16 06:15:00,NYC-HQ,Edge-Router-01,GigabitEthernet0/0/1,35.19,107.98,36.44,9.05,3,0,0,43.85,281.54,IPSec Degradation
2026-08-16 06:16:00,NYC-HQ,Edge-Router-01,GigabitEthernet0/0/1,36.04,111.0,37.64,9.38,3,0,0,43.52,288.31,IPSec Degradation
2026-08-16 06:17:00,NYC-HQ,Edge-Router-01,GigabitEthernet0/0/1,31.38,100.26,33.33,9.24,3,0,0,40.44,251.06,IPSec Degradation
2026-08-16 06:18:00,NYC-HQ,Edge-Router-01,GigabitEthernet0/0/1,37.55,116.59,39.85,10.0,3,0,0,42.78,300.43,IPSec Degradation
2026-08-16 06:19:00,NYC-HQ,Edge-Router-01,GigabitEthernet0/0/1,28.35,94.48,31.0,9.48,3,0,0,37.43,226.83,IPSec Degradation
2026-08-16 06:20:00,NYC-HQ,Edge-Router-01,GigabitEthernet0/0/1,34.74,111.34,37.74,9.6,4,0,0,39.87,277.89,IPSec Degradation
2026-08-16 06:21:00,NYC-HQ,Edge-Router-01,GigabitEthernet0/0/1,30.16,100.79,33.51,9.72,4,0,0,36.83,241.25,IPSec Degradation
2026-08-16 06:22:00,NYC-HQ,Edge-Router-01,GigabitEthernet0/0/1,32.39,107.28,36.09,9.84,4,0,0,37.2,259.14,IPSec Degradation
2026-08-16 06:23:00,NYC-HQ,Edge-Router-01,GigabitEthernet0/0/1,35.19,115.17,39.24,10.01,4,0,0,37.84,281.52,IPSec Degradation
2026-08-16 06:24:00,NYC-HQ,Edge-Router-01,GigabitEthernet0/0/1,31.56,107.0,35.96,10.08,4,0,0,35.28,252.47,IPSec Degradation
2026-08-16 06:25:00,NYC-HQ,Edge-Router-01,GigabitEthernet0/0/1,33.46,112.65,38.21,10.2,4,0,0,35.48,267.69,IPSec Degradation
2026-08-16 06:26:00,NYC-HQ,Edge-Router-01,GigabitEthernet0/0/1,39.03,127.46,44.13,11.33,4,0,0,37.51,312.2,IPSec Degradation
2026-08-16 06:27:00,NYC-HQ,Edge-Router-01,GigabitEthernet0/0/1,32.69,112.53,38.14,10.44,4,0,0,33.6,261.54,IPSec Degradation
2026-08-16 06:28:00,NYC-HQ,Edge-Router-01,GigabitEthernet0/0/1,38.34,127.56,44.14,11.4,4,0,0,35.67,306.74,IPSec Degradation
2026-08-16 06:29:00,NYC-HQ,Edge-Router-01,GigabitEthernet0/0/1,30.48,108.8,36.63,10.68,4,0,0,30.99,243.85,IPSec Degradation
2026-08-16 06:30:00,NYC-HQ,Edge-Router-01,GigabitEthernet0/0/1,37.12,126.3,43.62,11.33,4,0,0,33.56,296.95,IPSec Degradation
2026-08-16 06:31:00,NYC-HQ,Edge-Router-01,GigabitEthernet0/0/1,40.77,136.32,47.62,12.36,4,0,0,34.63,326.13,IPSec Degradation
2026-08-16 06:32:00,NYC-HQ,Edge-Router-01,GigabitEthernet0/0/1,25.11,98.08,32.31,11.04,4,0,0,26.06,200.91,IPSec Degradation
2026-08-16 06:33:00,NYC-HQ,Edge-Router-01,GigabitEthernet0/0/1,31.81,115.73,39.36,11.16,4,0,0,28.66,254.5,IPSec Degradation
2026-08-16 06:34:00,NYC-HQ,Edge-Router-01,GigabitEthernet0/0/1,37.31,130.37,45.21,11.86,4,0,0,30.65,298.47,IPSec Degradation
2026-08-16 06:35:00,NYC-HQ,Edge-Router-01,GigabitEthernet0/0/1,34.19,123.47,42.44,11.4,4,0,0,28.34,273.5,IPSec Degradation
2026-08-16 06:36:00,NYC-HQ,Edge-Router-01,GigabitEthernet0/0/1,36.48,130.11,45.08,11.89,4,0,0,28.74,291.88,IPSec Degradation
2026-08-16 06:37:00,NYC-HQ,Edge-Router-01,GigabitEthernet0/0/1,32.58,121.26,41.53,11.64,4,0,0,26.04,260.67,IPSec Degradation
2026-08-16 06:38:00,NYC-HQ,Edge-Router-01,GigabitEthernet0/0/1,35.35,129.07,44.65,11.85,4,0,0,26.67,282.77,IPSec Degradation
2026-08-16 06:39:00,NYC-HQ,Edge-Router-01,GigabitEthernet0/0/1,34.38,127.54,44.03,11.88,4,0,0,25.44,275.02,IPSec Degradation
2026-08-16 06:40:00,NYC-HQ,Edge-Router-01,GigabitEthernet0/0/1,55.84,23.5,4.17,0.5,0,0,0,90.0,558.39,Underlay Failure
2026-08-16 06:41:00,NYC-HQ,Edge-Router-01,GigabitEthernet0/0/1,51.27,20.76,3.25,0.5,0,0,0,90.0,512.72,Underlay Failure
2026-08-16 06:42:00,NYC-HQ,Edge-Router-01,GigabitEthernet0/0/1,51.69,21.01,3.34,0.5,0,0,0,90.0,516.88,Underlay Failure
2026-08-16 06:43:00,NYC-HQ,Edge-Router-01,GigabitEthernet0/0/1,47.94,18.76,2.59,0.5,0,0,0,90.0,479.41,Underlay Failure
2026-08-16 06:44:00,NYC-HQ,Edge-Router-01,GigabitEthernet0/0/1,47.56,18.54,2.51,0.5,0,0,0,90.0,475.62,Underlay Failure
2026-08-16 06:45:00,NYC-HQ,Edge-Router-01,GigabitEthernet0/0/1,5.0,350.0,80.0,48.21,54,3,4,20.0,50.0,Underlay Failure
2026-08-16 06:46:00,NYC-HQ,Edge-Router-01,GigabitEthernet0/0/1,5.0,350.0,80.0,55.81,91,1,3,20.0,50.0,Underlay Failure
2026-08-16 06:47:00,NYC-HQ,Edge-Router-01,GigabitEthernet0/0/1,5.0,350.0,80.0,80.83,88,2,5,20.0,50.0,Underlay Failure
2026-08-16 06:48:00,NYC-HQ,Edge-Router-01,GigabitEthernet0/0/1,5.0,350.0,80.0,77.38,192,1,2,20.0,50.0,Underlay Failure
2026-08-16 06:49:00,NYC-HQ,Edge-Router-01,GigabitEthernet0/0/1,5.0,350.0,80.0,57.77,102,3,4,20.0,50.0,Underlay Failure
2026-08-16 06:50:00,NYC-HQ,Edge-Router-01,GigabitEthernet0/0/1,42.61,15.56,1.52,0.5,0,0,0,90.0,426.07,Underlay Failure
2026-08-16 06:51:00,NYC-HQ,Edge-Router-01,GigabitEthernet0/0/1,55.72,23.43,4.14,0.5,0,0,0,90.0,557.19,Underlay Failure
2026-08-16 06:52:00,NYC-HQ,Edge-Router-01,GigabitEthernet0/0/1,51.69,21.02,3.34,0.5,0,0,0,90.0,516.92,Underlay Failure
2026-08-16 06:53:00,NYC-HQ,Edge-Router-01,GigabitEthernet0/0/1,47.92,18.75,2.58,0.5,0,0,0,90.0,479.24,Underlay Failure
2026-08-16 06:54:00,NYC-HQ,Edge-Router-01,GigabitEthernet0/0/1,53.16,21.9,3.63,0.5,0,0,0,90.0,531.64,Underlay Failure
2026-08-16 06:55:00,NYC-HQ,Edge-Router-01,GigabitEthernet0/0/1,61.35,26.81,5.27,0.5,0,0,0,90.0,613.53,Underlay Failure
2026-08-16 06:56:00,NYC-HQ,Edge-Router-01,GigabitEthernet0/0/1,50.91,20.55,3.18,0.5,0,0,0,90.0,509.09,Underlay Failure
2026-08-16 06:57:00,NYC-HQ,Edge-Router-01,GigabitEthernet0/0/1,51.24,20.74,3.25,0.5,0,0,0,90.0,512.41,Underlay Failure
2026-08-16 06:58:00,NYC-HQ,Edge-Router-01,GigabitEthernet0/0/1,47.7,18.62,2.54,0.5,0,0,0,90.0,477.03,Underlay Failure
2026-08-16 06:59:00,NYC-HQ,Edge-Router-01,GigabitEthernet0/0/1,45.75,17.45,2.15,0.5,0,0,0,90.0,457.51,Underlay Failure
2026-08-16 07:00:00,NYC-HQ,Edge-Router-01,GigabitEthernet0/0/1,5.0,350.0,80.0,41.68,135,2,3,20.0,50.0,Underlay Failure
2026-08-16 07:01:00,NYC-HQ,Edge-Router-01,GigabitEthernet0/0/1,5.0,350.0,80.0,64.7,123,1,3,20.0,50.0,Underlay Failure
2026-08-16 07:02:00,NYC-HQ,Edge-Router-01,GigabitEthernet0/0/1,5.0,350.0,80.0,47.5,96,1,3,20.0,50.0,Underlay Failure
2026-08-16 07:03:00,NYC-HQ,Edge-Router-01,GigabitEthernet0/0/1,5.0,350.0,80.0,40.61,164,3,5,20.0,50.0,Underlay Failure
2026-08-16 07:04:00,NYC-HQ,Edge-Router-01,GigabitEthernet0/0/1,5.0,350.0,80.0,57.28,60,2,3,20.0,50.0,Underlay Failure
2026-08-16 07:05:00,NYC-HQ,Edge-Router-01,GigabitEthernet0/0/1,51.4,20.84,3.28,0.5,0,0,0,90.0,514.05,Underlay Failure
2026-08-16 07:06:00,NYC-HQ,Edge-Router-01,GigabitEthernet0/0/1,44.11,16.47,1.82,0.5,0,0,0,90.0,441.11,Underlay Failure
2026-08-16 07:07:00,NYC-HQ,Edge-Router-01,GigabitEthernet0/0/1,46.6,17.96,2.32,0.5,0,0,0,90.0,465.99,Underlay Failure
2026-08-16 07:08:00,NYC-HQ,Edge-Router-01,GigabitEthernet0/0/1,41.6,15.0,1.32,0.5,0,0,0,90.0,416.03,Underlay Failure
2026-08-16 07:09:00,NYC-HQ,Edge-Router-01,GigabitEthernet0/0/1,46.97,18.18,2.39,0.5,0,0,0,90.0,469.75,Underlay Failure
2026-08-16 07:10:00,NYC-HQ,Edge-Router-01,GigabitEthernet0/0/1,53.81,22.29,3.76,0.5,0,0,0,90.0,538.1,Underlay Failure
2026-08-16 07:11:00,NYC-HQ,Edge-Router-01,GigabitEthernet0/0/1,51.06,20.64,3.21,0.5,0,0,0,90.0,510.63,Underlay Failure
2026-08-16 07:12:00,NYC-HQ,Edge-Router-01,GigabitEthernet0/0/1,54.34,22.6,3.87,0.5,0,0,0,90.0,543.39,Underlay Failure
2026-08-16 07:13:00,NYC-HQ,Edge-Router-01,GigabitEthernet0/0/1,45.32,17.19,2.06,0.5,0,0,0,90.0,453.17,Underlay Failure
2026-08-16 07:14:00,NYC-HQ,Edge-Router-01,GigabitEthernet0/0/1,45.62,17.37,2.12,0.5,0,0,0,90.0,456.22,Underlay Failure
2026-08-16 07:15:00,NYC-HQ,Edge-Router-01,GigabitEthernet0/0/1,5.0,350.0,80.0,85.94,182,1,5,20.0,50.0,Underlay Failure
2026-08-16 07:16:00,NYC-HQ,Edge-Router-01,GigabitEthernet0/0/1,5.0,350.0,80.0,58.72,186,2,4,20.0,50.0,Underlay Failure
2026-08-16 07:17:00,NYC-HQ,Edge-Router-01,GigabitEthernet0/0/1,5.0,350.0,80.0,76.82,89,1,3,20.0,50.0,Underlay Failure
2026-08-16 07:18:00,NYC-HQ,Edge-Router-01,GigabitEthernet0/0/1,5.0,350.0,80.0,49.32,106,1,4,20.0,50.0,Underlay Failure
2026-08-16 07:19:00,NYC-HQ,Edge-Router-01,GigabitEthernet0/0/1,5.0,350.0,80.0,55.57,164,3,2,20.0,50.0,Underlay Failure
2026-08-16 07:20:00,NYC-HQ,Edge-Router-01,GigabitEthernet0/0/1,56.99,24.19,4.4,0.5,0,0,0,90.0,569.86,Underlay Failure
2026-08-16 07:21:00,NYC-HQ,Edge-Router-01,GigabitEthernet0/0/1,46.55,17.93,2.31,0.5,0,0,0,90.0,465.48,Underlay Failure
2026-08-16 07:22:00,NYC-HQ,Edge-Router-01,GigabitEthernet0/0/1,53.08,21.85,3.62,0.5,0,0,0,90.0,530.81,Underlay Failure
2026-08-16 07:23:00,NYC-HQ,Edge-Router-01,GigabitEthernet0/0/1,46.85,18.11,2.37,0.5,0,0,0,90.0,468.48,Underlay Failure
2026-08-16 07:24:00,NYC-HQ,Edge-Router-01,GigabitEthernet0/0/1,45.42,17.25,2.08,0.5,0,0,0,90.0,454.24,Underlay Failure
2026-08-16 07:25:00,NYC-HQ,Edge-Router-01,GigabitEthernet0/0/1,51.23,20.74,3.25,0.5,0,0,0,90.0,512.31,Underlay Failure
2026-08-16 07:26:00,NYC-HQ,Edge-Router-01,GigabitEthernet0/0/1,55.26,23.16,4.05,0.5,0,0,0,90.0,552.59,Underlay Failure
2026-08-16 07:27:00,NYC-HQ,Edge-Router-01,GigabitEthernet0/0/1,48.76,19.26,2.75,0.5,0,0,0,90.0,487.63,Underlay Failure
2026-08-16 07:28:00,NYC-HQ,Edge-Router-01,GigabitEthernet0/0/1,49.67,19.8,2.93,0.5,0,0,0,90.0,496.73,Underlay Failure
2026-08-16 07:29:00,NYC-HQ,Edge-Router-01,GigabitEthernet0/0/1,54.04,22.42,3.81,0.5,0,0,0,90.0,540.37,Underlay Failure
2026-08-16 07:30:00,NYC-HQ,Edge-Router-01,GigabitEthernet0/0/1,5.0,350.0,80.0,69.35,157,3,4,20.0,50.0,Underlay Failure
2026-08-16 07:31:00,NYC-HQ,Edge-Router-01,GigabitEthernet0/0/1,5.0,350.0,80.0,52.41,74,3,5,20.0,50.0,Underlay Failure
2026-08-16 07:32:00,NYC-HQ,Edge-Router-01,GigabitEthernet0/0/1,5.0,350.0,80.0,58.12,112,3,3,20.0,50.0,Underlay Failure
2026-08-16 07:33:00,NYC-HQ,Edge-Router-01,GigabitEthernet0/0/1,5.0,350.0,80.0,51.0,163,1,2,20.0,50.0,Underlay Failure
2026-08-16 07:34:00,NYC-HQ,Edge-Router-01,GigabitEthernet0/0/1,5.0,350.0,80.0,44.27,153,1,4,20.0,50.0,Underlay Failure
2026-08-16 07:35:00,NYC-HQ,Edge-Router-01,GigabitEthernet0/0/1,44.47,16.68,1.89,0.5,0,0,0,90.0,444.67,Underlay Failure
2026-08-16 07:36:00,NYC-HQ,Edge-Router-01,GigabitEthernet0/0/1,46.61,17.97,2.32,0.5,0,0,0,90.0,466.12,Underlay Failure
2026-08-16 07:37:00,NYC-HQ,Edge-Router-01,GigabitEthernet0/0/1,50.75,20.45,3.15,0.5,0,0,0,90.0,507.46,Underlay Failure
2026-08-16 07:38:00,NYC-HQ,Edge-Router-01,GigabitEthernet0/0/1,46.09,17.65,2.22,0.5,0,0,0,90.0,460.87,Underlay Failure
2026-08-16 07:39:00,NYC-HQ,Edge-Router-01,GigabitEthernet0/0/1,53.37,22.02,3.67,0.5,0,0,0,90.0,533.71,Underlay Failure
2026-08-16 07:40:00,NYC-HQ,Edge-Router-01,GigabitEthernet0/0/1,49.43,19.66,2.89,0.5,0,0,0,90.0,494.26,Underlay Failure
2026-08-16 07:41:00,NYC-HQ,Edge-Router-01,GigabitEthernet0/0/1,50.78,20.47,3.16,0.5,0,0,0,90.0,507.75,Underlay Failure
2026-08-16 07:42:00,NYC-HQ,Edge-Router-01,GigabitEthernet0/0/1,62.85,27.71,5.57,0.5,0,0,0,90.0,628.5,Underlay Failure
2026-08-16 07:43:00,NYC-HQ,Edge-Router-01,GigabitEthernet0/0/1,44.46,16.68,1.89,0.5,0,0,0,90.0,444.64,Underlay Failure
2026-08-16 07:44:00,NYC-HQ,Edge-Router-01,GigabitEthernet0/0/1,56.94,24.17,4.39,0.5,0,0,0,90.0,569.43,Underlay Failure
2026-08-16 07:45:00,NYC-HQ,Edge-Router-01,GigabitEthernet0/0/1,5.0,350.0,80.0,62.04,163,2,3,20.0,50.0,Underlay Failure
2026-08-16 07:46:00,NYC-HQ,Edge-Router-01,GigabitEthernet0/0/1,5.0,350.0,80.0,56.72,104,3,4,20.0,50.0,Underlay Failure
2026-08-16 07:47:00,NYC-HQ,Edge-Router-01,GigabitEthernet0/0/1,5.0,350.0,80.0,58.67,159,2,5,20.0,50.0,Underlay Failure
2026-08-16 07:48:00,NYC-HQ,Edge-Router-01,GigabitEthernet0/0/1,5.0,350.0,80.0,52.69,121,2,2,20.0,50.0,Underlay Failure
2026-08-16 07:49:00,NYC-HQ,Edge-Router-01,GigabitEthernet0/0/1,5.0,350.0,80.0,80.0,116,3,2,20.0,50.0,Underlay Failure
2026-08-16 07:50:00,NYC-HQ,Edge-Router-01,GigabitEthernet0/0/1,58.58,25.15,4.72,0.5,0,0,0,90.0,585.83,Underlay Failure
2026-08-16 07:51:00,NYC-HQ,Edge-Router-01,GigabitEthernet0/0/1,52.2,21.32,3.44,0.5,0,0,0,90.0,522.05,Underlay Failure
2026-08-16 07:52:00,NYC-HQ,Edge-Router-01,GigabitEthernet0/0/1,56.25,23.75,4.25,0.5,0,0,0,90.0,562.49,Underlay Failure
2026-08-16 07:53:00,NYC-HQ,Edge-Router-01,GigabitEthernet0/0/1,52.1,21.26,3.42,0.5,0,0,0,90.0,521.02,Underlay Failure
2026-08-16 07:54:00,NYC-HQ,Edge-Router-01,GigabitEthernet0/0/1,48.62,19.17,2.72,0.5,0,0,0,90.0,486.21,Underlay Failure
2026-08-16 07:55:00,NYC-HQ,Edge-Router-01,GigabitEthernet0/0/1,44.71,16.83,1.94,0.5,0,0,0,90.0,447.12,Underlay Failure
2026-08-16 07:56:00,NYC-HQ,Edge-Router-01,GigabitEthernet0/0/1,46.98,18.19,2.4,0.5,0,0,0,90.0,469.83,Underlay Failure
2026-08-16 07:57:00,NYC-HQ,Edge-Router-01,GigabitEthernet0/0/1,48.71,19.23,2.74,0.5,0,0,0,90.0,487.14,Underlay Failure
2026-08-16 07:58:00,NYC-HQ,Edge-Router-01,GigabitEthernet0/0/1,56.82,24.09,4.36,0.5,0,0,0,90.0,568.16,Underlay Failure
2026-08-16 07:59:00,NYC-HQ,Edge-Router-01,GigabitEthernet0/0/1,53.85,22.31,3.77,0.5,0,0,0,90.0,538.5,Underlay Failure
2026-08-16 08:00:00,NYC-HQ,Edge-Router-01,GigabitEthernet0/0/1,5.0,350.0,80.0,75.2,178,3,2,20.0,50.0,Underlay Failure
2026-08-16 08:01:00,NYC-HQ,Edge-Router-01,GigabitEthernet0/0/1,5.0,350.0,80.0,57.09,179,3,4,20.0,50.0,Underlay Failure
2026-08-16 08:02:00,NYC-HQ,Edge-Router-01,GigabitEthernet0/0/1,5.0,350.0,80.0,58.14,102,3,5,20.0,50.0,Underlay Failure
2026-08-16 08:03:00,NYC-HQ,Edge-Router-01,GigabitEthernet0/0/1,5.0,350.0,80.0,88.73,157,1,3,20.0,50.0,Underlay Failure
2026-08-16 08:04:00,NYC-HQ,Edge-Router-01,GigabitEthernet0/0/1,5.0,350.0,80.0,63.55,163,3,2,20.0,50.0,Underlay Failure
2026-08-16 08:05:00,NYC-HQ,Edge-Router-01,GigabitEthernet0/0/1,50.19,20.12,3.04,0.5,0,0,0,90.0,501.93,Underlay Failure
2026-08-16 08:06:00,NYC-HQ,Edge-Router-01,GigabitEthernet0/0/1,51.54,20.92,3.31,0.5,0,0,0,90.0,515.39,Underlay Failure
2026-08-16 08:07:00,NYC-HQ,Edge-Router-01,GigabitEthernet0/0/1,41.45,15.0,1.29,0.5,0,0,0,90.0,414.49,Underlay Failure
2026-08-16 08:08:00,NYC-HQ,Edge-Router-01,GigabitEthernet0/0/1,43.26,15.96,1.65,0.5,0,0,0,90.0,432.59,Underlay Failure
2026-08-16 08:09:00,NYC-HQ,Edge-Router-01,GigabitEthernet0/0/1,53.72,22.23,3.74,0.5,0,0,0,90.0,537.16,Underlay Failure
2026-08-16 08:10:00,NYC-HQ,Edge-Router-01,GigabitEthernet0/0/1,50.85,20.51,3.17,0.5,0,0,0,90.0,508.54,Underlay Failure
2026-08-16 08:11:00,NYC-HQ,Edge-Router-01,GigabitEthernet0/0/1,49.08,19.45,2.82,0.5,0,0,0,90.0,490.8,Underlay Failure
2026-08-16 08:12:00,NYC-HQ,Edge-Router-01,GigabitEthernet0/0/1,50.09,20.06,3.02,0.5,0,0,0,90.0,500.92,Underlay Failure
2026-08-16 08:13:00,NYC-HQ,Edge-Router-01,GigabitEthernet0/0/1,51.74,21.04,3.35,0.5,0,0,0,90.0,517.38,Underlay Failure
2026-08-16 08:14:00,NYC-HQ,Edge-Router-01,GigabitEthernet0/0/1,47.3,18.38,2.46,0.5,0,0,0,90.0,473.01,Underlay Failure
2026-08-16 08:15:00,NYC-HQ,Edge-Router-01,GigabitEthernet0/0/1,5.0,350.0,80.0,40.92,195,1,3,20.0,50.0,Underlay Failure
2026-08-16 08:16:00,NYC-HQ,Edge-Router-01,GigabitEthernet0/0/1,5.0,350.0,80.0,67.71,171,3,2,20.0,50.0,Underlay Failure
2026-08-16 08:17:00,NYC-HQ,Edge-Router-01,GigabitEthernet0/0/1,5.0,350.0,80.0,40.55,76,1,4,20.0,50.0,Underlay Failure
2026-08-16 08:18:00,NYC-HQ,Edge-Router-01,GigabitEthernet0/0/1,5.0,350.0,80.0,70.03,102,3,3,20.0,50.0,Underlay Failure
2026-08-16 08:19:00,NYC-HQ,Edge-Router-01,GigabitEthernet0/0/1,5.0,350.0,80.0,85.72,171,2,5,20.0,50.0,Underlay Failure
2026-08-16 08:20:00,NYC-HQ,Edge-Router-01,GigabitEthernet0/0/1,98.19,88.72,16.11,3.87,103,0,0,100.0,1178.23,Policy Misconfiguration
2026-08-16 08:21:00,NYC-HQ,Edge-Router-01,GigabitEthernet0/0/1,97.94,83.82,14.64,3.5,98,0,0,100.0,1175.29,Policy Misconfiguration
2026-08-16 08:22:00,NYC-HQ,Edge-Router-01,GigabitEthernet0/0/1,97.89,82.75,14.32,3.5,97,0,0,100.0,1174.65,Policy Misconfiguration
2026-08-16 08:23:00,NYC-HQ,Edge-Router-01,GigabitEthernet0/0/1,98.6,97.08,18.62,4.71,112,0,0,100.0,1183.25,Policy Misconfiguration
2026-08-16 08:24:00,NYC-HQ,Edge-Router-01,GigabitEthernet0/0/1,98.12,87.3,15.69,3.73,102,0,0,100.0,1177.38,Policy Misconfiguration
2026-08-16 08:25:00,NYC-HQ,Edge-Router-01,GigabitEthernet0/0/1,98.22,89.32,16.3,3.93,104,0,0,100.0,1178.59,Policy Misconfiguration
2026-08-16 08:26:00,NYC-HQ,Edge-Router-01,GigabitEthernet0/0/1,98.27,90.41,16.62,4.04,105,0,0,100.0,1179.25,Policy Misconfiguration
2026-08-16 08:27:00,NYC-HQ,Edge-Router-01,GigabitEthernet0/0/1,98.07,86.33,15.4,3.63,101,0,0,100.0,1176.8,Policy Misconfiguration
2026-08-16 08:28:00,NYC-HQ,Edge-Router-01,GigabitEthernet0/0/1,98.26,90.2,16.56,4.02,105,0,0,100.0,1179.12,Policy Misconfiguration
2026-08-16 08:29:00,NYC-HQ,Edge-Router-01,GigabitEthernet0/0/1,97.94,83.82,14.65,3.5,98,0,0,100.0,1175.29,Policy Misconfiguration
2026-08-16 08:30:00,NYC-HQ,Edge-Router-01,GigabitEthernet0/0/1,97.98,84.5,14.85,3.5,99,0,0,100.0,1175.7,Policy Misconfiguration
2026-08-16 08:31:00,NYC-HQ,Edge-Router-01,GigabitEthernet0/0/1,97.44,73.81,11.64,3.5,88,0,0,100.0,1169.29,Policy Misconfiguration
2026-08-16 08:32:00,NYC-HQ,Edge-Router-01,GigabitEthernet0/0/1,98.15,87.98,15.89,3.8,102,0,0,100.0,1177.79,Policy Misconfiguration
2026-08-16 08:33:00,NYC-HQ,Edge-Router-01,GigabitEthernet0/0/1,97.14,67.8,9.84,3.5,82,0,0,100.0,1165.68,Policy Misconfiguration
2026-08-16 08:34:00,NYC-HQ,Edge-Router-01,GigabitEthernet0/0/1,98.14,87.84,15.85,3.78,102,0,0,100.0,1177.7,Policy Misconfiguration
2026-08-16 08:35:00,NYC-HQ,Edge-Router-01,GigabitEthernet0/0/1,97.86,82.19,14.16,3.5,97,0,0,100.0,1174.32,Policy Misconfiguration
2026-08-16 08:36:00,NYC-HQ,Edge-Router-01,GigabitEthernet0/0/1,98.19,88.75,16.12,3.87,103,0,0,100.0,1178.25,Policy Misconfiguration
2026-08-16 08:37:00,NYC-HQ,Edge-Router-01,GigabitEthernet0/0/1,97.48,74.51,11.85,3.5,89,0,0,100.0,1169.71,Policy Misconfiguration
2026-08-16 08:38:00,NYC-HQ,Edge-Router-01,GigabitEthernet0/0/1,96.94,63.81,8.64,3.5,78,0,0,100.0,1163.28,Policy Misconfiguration
2026-08-16 08:39:00,NYC-HQ,Edge-Router-01,GigabitEthernet0/0/1,97.82,81.49,13.95,3.5,96,0,0,100.0,1173.89,Policy Misconfiguration
2026-08-16 08:40:00,NYC-HQ,Edge-Router-01,GigabitEthernet0/0/1,97.48,74.54,11.86,3.5,89,0,0,100.0,1169.72,Policy Misconfiguration
2026-08-16 08:41:00,NYC-HQ,Edge-Router-01,GigabitEthernet0/0/1,97.11,67.19,9.66,3.5,82,0,0,100.0,1165.32,Policy Misconfiguration
2026-08-16 08:42:00,NYC-HQ,Edge-Router-01,GigabitEthernet0/0/1,98.38,92.68,17.3,4.27,107,0,0,100.0,1180.61,Policy Misconfiguration
2026-08-16 08:43:00,NYC-HQ,Edge-Router-01,GigabitEthernet0/0/1,98.8,101.01,19.8,5.1,116,0,0,100.0,1185.61,Policy Misconfiguration
2026-08-16 08:44:00,NYC-HQ,Edge-Router-01,GigabitEthernet0/0/1,97.6,77.03,12.61,3.5,92,0,0,100.0,1171.22,Policy Misconfiguration
2026-08-16 08:45:00,NYC-HQ,Edge-Router-01,GigabitEthernet0/0/1,97.96,84.24,14.77,3.5,99,0,0,100.0,1175.55,Policy Misconfiguration
2026-08-16 08:46:00,NYC-HQ,Edge-Router-01,GigabitEthernet0/0/1,97.85,81.92,14.08,3.5,96,0,0,100.0,1174.15,Policy Misconfiguration
2026-08-16 08:47:00,NYC-HQ,Edge-Router-01,GigabitEthernet0/0/1,97.67,78.41,13.02,3.5,93,0,0,100.0,1172.05,Policy Misconfiguration
2026-08-16 08:48:00,NYC-HQ,Edge-Router-01,GigabitEthernet0/0/1,98.33,91.64,16.99,4.16,106,0,0,100.0,1179.98,Policy Misconfiguration
2026-08-16 08:49:00,NYC-HQ,Edge-Router-01,GigabitEthernet0/0/1,98.51,95.1,18.03,4.51,110,0,0,100.0,1182.06,Policy Misconfiguration
2026-08-16 08:50:00,NYC-HQ,Edge-Router-01,GigabitEthernet0/0/1,97.57,76.31,12.39,3.5,91,0,0,100.0,1170.79,Policy Misconfiguration
2026-08-16 08:51:00,NYC-HQ,Edge-Router-01,GigabitEthernet0/0/1,98.02,85.45,15.13,3.54,100,0,0,100.0,1176.27,Policy Misconfiguration
2026-08-16 08:52:00,NYC-HQ,Edge-Router-01,GigabitEthernet0/0/1,98.64,97.85,18.85,4.78,112,0,0,100.0,1183.71,Policy Misconfiguration
2026-08-16 08:53:00,NYC-HQ,Edge-Router-01,GigabitEthernet0/0/1,98.34,91.89,17.07,4.19,106,0,0,100.0,1180.13,Policy Misconfiguration
2026-08-16 08:54:00,NYC-HQ,Edge-Router-01,GigabitEthernet0/0/1,98.42,93.38,17.51,4.34,108,0,0,100.0,1181.03,Policy Misconfiguration
2026-08-16 08:55:00,NYC-HQ,Edge-Router-01,GigabitEthernet0/0/1,98.68,98.68,19.1,4.87,113,0,0,100.0,1184.21,Policy Misconfiguration
2026-08-16 08:56:00,NYC-HQ,Edge-Router-01,GigabitEthernet0/0/1,98.68,98.55,19.06,4.85,113,0,0,100.0,1184.13,Policy Misconfiguration
2026-08-16 08:57:00,NYC-HQ,Edge-Router-01,GigabitEthernet0/0/1,98.51,95.29,18.09,4.53,110,0,0,100.0,1182.17,Policy Misconfiguration
2026-08-16 08:58:00,NYC-HQ,Edge-Router-01,GigabitEthernet0/0/1,98.07,86.45,15.43,3.64,101,0,0,100.0,1176.87,Policy Misconfiguration
2026-08-16 08:59:00,NYC-HQ,Edge-Router-01,GigabitEthernet0/0/1,97.81,81.18,13.85,3.5,96,0,0,100.0,1173.71,Policy Misconfiguration
2026-08-16 09:00:00,NYC-HQ,Edge-Router-01,GigabitEthernet0/0/1,98.05,86.03,15.31,3.6,101,0,0,100.0,1176.62,Policy Misconfiguration
2026-08-16 09:01:00,NYC-HQ,Edge-Router-01,GigabitEthernet0/0/1,97.73,79.66,13.4,3.5,94,0,0,100.0,1172.79,Policy Misconfiguration
2026-08-16 09:02:00,NYC-HQ,Edge-Router-01,GigabitEthernet0/0/1,97.02,65.48,9.14,3.5,80,0,0,100.0,1164.29,Policy Misconfiguration
2026-08-16 09:03:00,NYC-HQ,Edge-Router-01,GigabitEthernet0/0/1,97.86,82.21,14.16,3.5,97,0,0,100.0,1174.32,Policy Misconfiguration
2026-08-16 09:04:00,NYC-HQ,Edge-Router-01,GigabitEthernet0/0/1,98.18,88.58,16.07,3.86,103,0,0,100.0,1178.15,Policy Misconfiguration
2026-08-16 09:05:00,NYC-HQ,Edge-Router-01,GigabitEthernet0/0/1,97.71,79.13,13.24,3.5,94,0,0,100.0,1172.48,Policy Misconfiguration
2026-08-16 09:06:00,NYC-HQ,Edge-Router-01,GigabitEthernet0/0/1,97.9,83.07,14.42,3.5,98,0,0,100.0,1174.84,Policy Misconfiguration
2026-08-16 09:07:00,NYC-HQ,Edge-Router-01,GigabitEthernet0/0/1,97.92,83.46,14.54,3.5,98,0,0,100.0,1175.08,Policy Misconfiguration
2026-08-16 09:08:00,NYC-HQ,Edge-Router-01,GigabitEthernet0/0/1,98.68,98.57,19.07,4.86,113,0,0,100.0,1184.14,Policy Misconfiguration
2026-08-16 09:09:00,NYC-HQ,Edge-Router-01,GigabitEthernet0/0/1,97.82,81.41,13.92,3.5,96,0,0,100.0,1173.84,Policy Misconfiguration
2026-08-16 09:10:00,NYC-HQ,Edge-Router-01,GigabitEthernet0/0/1,98.68,98.57,19.07,4.86,113,0,0,100.0,1184.14,Policy Misconfiguration
2026-08-16 09:11:00,NYC-HQ,Edge-Router-01,GigabitEthernet0/0/1,96.64,60.0,8.0,3.5,72,0,0,100.0,1159.73,Policy Misconfiguration
2026-08-16 09:12:00,NYC-HQ,Edge-Router-01,GigabitEthernet0/0/1,98.67,98.48,19.04,4.85,113,0,0,100.0,1184.09,Policy Misconfiguration
2026-08-16 09:13:00,NYC-HQ,Edge-Router-01,GigabitEthernet0/0/1,98.65,97.97,18.89,4.8,112,0,0,100.0,1183.78,Policy Misconfiguration
2026-08-16 09:14:00,NYC-HQ,Edge-Router-01,GigabitEthernet0/0/1,98.45,94.02,17.71,4.4,109,0,0,100.0,1181.41,Policy Misconfiguration
2026-08-16 09:15:00,NYC-HQ,Edge-Router-01,GigabitEthernet0/0/1,96.99,64.88,8.96,3.5,79,0,0,100.0,1163.93,Policy Misconfiguration
2026-08-16 09:16:00,NYC-HQ,Edge-Router-01,GigabitEthernet0/0/1,98.51,95.19,18.06,4.52,110,0,0,100.0,1182.11,Policy Misconfiguration
2026-08-16 09:17:00,NYC-HQ,Edge-Router-01,GigabitEthernet0/0/1,97.97,84.5,14.85,3.5,99,0,0,100.0,1175.7,Policy Misconfiguration
2026-08-16 09:18:00,NYC-HQ,Edge-Router-01,GigabitEthernet0/0/1,96.74,60.0,8.0,3.5,74,0,0,100.0,1160.82,Policy Misconfiguration
2026-08-16 09:19:00,NYC-HQ,Edge-Router-01,GigabitEthernet0/0/1,98.65,97.98,18.89,4.8,112,0,0,100.0,1183.79,Policy Misconfiguration
2026-08-16 09:20:00,NYC-HQ,Edge-Router-01,GigabitEthernet0/0/1,98.72,99.44,19.33,4.94,114,0,0,100.0,1184.67,Policy Misconfiguration
2026-08-16 09:21:00,NYC-HQ,Edge-Router-01,GigabitEthernet0/0/1,97.05,65.95,9.29,3.5,80,0,0,100.0,1164.57,Policy Misconfiguration
2026-08-16 09:22:00,NYC-HQ,Edge-Router-01,GigabitEthernet0/0/1,98.09,86.75,15.53,3.68,101,0,0,100.0,1177.05,Policy Misconfiguration
2026-08-16 09:23:00,NYC-HQ,Edge-Router-01,GigabitEthernet0/0/1,98.69,98.89,19.17,4.89,113,0,0,100.0,1184.33,Policy Misconfiguration
2026-08-16 09:24:00,NYC-HQ,Edge-Router-01,GigabitEthernet0/0/1,98.62,97.3,18.69,4.73,112,0,0,100.0,1183.38,Policy Misconfiguration
2026-08-16 09:25:00,NYC-HQ,Edge-Router-01,GigabitEthernet0/0/1,98.42,93.36,17.51,4.34,108,0,0,100.0,1181.02,Policy Misconfiguration
2026-08-16 09:26:00,NYC-HQ,Edge-Router-01,GigabitEthernet0/0/1,96.68,60.0,8.0,3.5,73,0,0,100.0,1160.12,Policy Misconfiguration
2026-08-16 09:27:00,NYC-HQ,Edge-Router-01,GigabitEthernet0/0/1,98.36,92.3,17.19,4.23,107,0,0,100.0,1180.38,Policy Misconfiguration
2026-08-16 09:28:00,NYC-HQ,Edge-Router-01,GigabitEthernet0/0/1,97.89,82.82,14.35,3.5,97,0,0,100.0,1174.69,Policy Misconfiguration
2026-08-16 09:29:00,NYC-HQ,Edge-Router-01,GigabitEthernet0/0/1,98.5,94.96,17.99,4.5,109,0,0,100.0,1181.98,Policy Misconfiguration
2026-08-16 09:30:00,NYC-HQ,Edge-Router-01,GigabitEthernet0/0/1,98.13,87.56,15.77,3.76,102,0,0,100.0,1177.54,Policy Misconfiguration
2026-08-16 09:31:00,NYC-HQ,Edge-Router-01,GigabitEthernet0/0/1,97.99,84.8,14.94,3.5,99,0,0,100.0,1175.88,Policy Misconfiguration
2026-08-16 09:32:00,NYC-HQ,Edge-Router-01,GigabitEthernet0/0/1,98.32,91.41,16.92,4.14,106,0,0,100.0,1179.85,Policy Misconfiguration
2026-08-16 09:33:00,NYC-HQ,Edge-Router-01,GigabitEthernet0/0/1,97.91,83.28,14.48,3.5,98,0,0,100.0,1174.97,Policy Misconfiguration
2026-08-16 09:34:00,NYC-HQ,Edge-Router-01,GigabitEthernet0/0/1,97.99,84.76,14.93,3.5,99,0,0,100.0,1175.85,Policy Misconfiguration
2026-08-16 09:35:00,NYC-HQ,Edge-Router-01,GigabitEthernet0/0/1,97.72,79.45,13.33,3.5,94,0,0,100.0,1172.67,Policy Misconfiguration
2026-08-16 09:36:00,NYC-HQ,Edge-Router-01,GigabitEthernet0/0/1,97.2,68.95,10.18,3.5,83,0,0,100.0,1166.37,Policy Misconfiguration
2026-08-16 09:37:00,NYC-HQ,Edge-Router-01,GigabitEthernet0/0/1,98.28,90.68,16.7,4.07,105,0,0,100.0,1179.41,Policy Misconfiguration
2026-08-16 09:38:00,NYC-HQ,Edge-Router-01,GigabitEthernet0/0/1,97.6,76.94,12.58,3.5,91,0,0,100.0,1171.16,Policy Misconfiguration
2026-08-16 09:39:00,NYC-HQ,Edge-Router-01,GigabitEthernet0/0/1,97.9,82.99,14.4,3.5,97,0,0,100.0,1174.8,Policy Misconfiguration
2026-08-16 09:40:00,NYC-HQ,Edge-Router-01,GigabitEthernet0/0/1,98.14,87.87,15.86,3.79,102,0,0,100.0,1177.72,Policy Misconfiguration
2026-08-16 09:41:00,NYC-HQ,Edge-Router-01,GigabitEthernet0/0/1,96.96,64.15,8.74,3.5,79,0,0,100.0,1163.49,Policy Misconfiguration
2026-08-16 09:42:00,NYC-HQ,Edge-Router-01,GigabitEthernet0/0/1,97.07,66.39,9.42,3.5,81,0,0,100.0,1164.83,Policy Misconfiguration
2026-08-16 09:43:00,NYC-HQ,Edge-Router-01,GigabitEthernet0/0/1,97.85,82.0,14.1,3.5,97,0,0,100.0,1174.2,Policy Misconfiguration
2026-08-16 09:44:00,NYC-HQ,Edge-Router-01,GigabitEthernet0/0/1,98.23,89.55,16.36,3.95,104,0,0,100.0,1178.73,Policy Misconfiguration
2026-08-16 09:45:00,NYC-HQ,Edge-Router-01,GigabitEthernet0/0/1,98.37,92.44,17.23,4.24,107,0,0,100.0,1180.46,Policy Misconfiguration
2026-08-16 09:46:00,NYC-HQ,Edge-Router-01,GigabitEthernet0/0/1,97.2,69.09,10.23,3.5,84,0,0,100.0,1166.45,Policy Misconfiguration
2026-08-16 09:47:00,NYC-HQ,Edge-Router-01,GigabitEthernet0/0/1,98.32,91.37,16.91,4.14,106,0,0,100.0,1179.82,Policy Misconfiguration
2026-08-16 09:48:00,NYC-HQ,Edge-Router-01,GigabitEthernet0/0/1,97.88,82.55,14.26,3.5,97,0,0,100.0,1174.53,Policy Misconfiguration
2026-08-16 09:49:00,NYC-HQ,Edge-Router-01,GigabitEthernet0/0/1,97.56,76.17,12.35,3.5,91,0,0,100.0,1170.7,Policy Misconfiguration
2026-08-16 09:50:00,NYC-HQ,Edge-Router-01,GigabitEthernet0/0/1,97.68,78.51,13.05,3.5,93,0,0,100.0,1172.11,Policy Misconfiguration
2026-08-16 09:51:00,NYC-HQ,Edge-Router-01,GigabitEthernet0/0/1,98.4,93.02,17.41,4.3,108,0,0,100.0,1180.81,Policy Misconfiguration
2026-08-16 09:52:00,NYC-HQ,Edge-Router-01,GigabitEthernet0/0/1,98.14,87.74,15.82,3.77,102,0,0,100.0,1177.64,Policy Misconfiguration
2026-08-16 09:53:00,NYC-HQ,Edge-Router-01,GigabitEthernet0/0/1,98.03,85.5,15.15,3.55,100,0,0,100.0,1176.3,Policy Misconfiguration
2026-08-16 09:54:00,NYC-HQ,Edge-Router-01,GigabitEthernet0/0/1,98.12,87.43,15.73,3.74,102,0,0,100.0,1177.46,Policy Misconfiguration
2026-08-16 09:55:00,NYC-HQ,Edge-Router-01,GigabitEthernet0/0/1,98.46,94.28,17.78,4.43,109,0,0,100.0,1181.57,Policy Misconfiguration
2026-08-16 09:56:00,NYC-HQ,Edge-Router-01,GigabitEthernet0/0/1,97.95,84.03,14.71,3.5,99,0,0,100.0,1175.42,Policy Misconfiguration
2026-08-16 09:57:00,NYC-HQ,Edge-Router-01,GigabitEthernet0/0/1,98.03,85.54,15.16,3.55,100,0,0,100.0,1176.33,Policy Misconfiguration
2026-08-16 09:58:00,NYC-HQ,Edge-Router-01,GigabitEthernet0/0/1,98.57,96.38,18.41,4.64,111,0,0,100.0,1182.83,Policy Misconfiguration
2026-08-16 09:59:00,NYC-HQ,Edge-Router-01,GigabitEthernet0/0/1,97.83,81.68,14.01,3.5,96,0,0,100.0,1174.01,Policy Misconfiguration
